1420041600,1-Jan-15
1420128000,2-Jan-15
1420214400,3-Jan-15
1420387200,5-Jan-15
1420473600,6-Jan-15
1420560000,7-Jan-15
1420646400,8-Jan-15
1420732800,9-Jan-15
1420819200,10-Jan-15
1420992000,12-Jan-15
1421078400,13-Jan-15
1421164800,14-Jan-15
1421251200,15-Jan-15
1421337600,16-Jan-15
1421424000,17-Jan-15
1421596800,19-Jan-15
1421683200,20-Jan-15
1421769600,21-Jan-15
1421856000,22-Jan-15
1421942400,23-Jan-15
1422028800,24-Jan-15
1422288000,27-Jan-15
1422374400,28-Jan-15
1422460800,29-Jan-15
1422547200,30-Jan-15
1422633600,31-Jan-15
1422806400,2-Feb-15
1422892800,3-Feb-15
1422979200,4-Feb-15
1423065600,5-Feb-15
1423152000,6-Feb-15
1423238400,7-Feb-15
1423411200,9-Feb-15
1423497600,10-Feb-15
1423584000,11-Feb-15
1423670400,12-Feb-15
1423756800,13-Feb-15
1423843200,14-Feb-15
1424016000,16-Feb-15
1424102400,17-Feb-15
1424188800,18-Feb-15
1424275200,19-Feb-15
1424361600,20-Feb-15
1424448000,21-Feb-15
1424620800,23-Feb-15
1424707200,24-Feb-15
1424793600,25-Feb-15
1424880000,26-Feb-15
1424966400,27-Feb-15
1425052800,28-Feb-15
1425225600,2-Mar-15
1425312000,3-Mar-15
1425398400,4-Mar-15
1425484800,5-Mar-15
1425657600,7-Mar-15
1425830400,9-Mar-15
1425916800,10-Mar-15
1426003200,11-Mar-15
1426089600,12-Mar-15
1426176000,13-Mar-15
1426262400,14-Mar-15
1426435200,16-Mar-15
1426521600,17-Mar-15
1426608000,18-Mar-15
1426694400,19-Mar-15
1426780800,20-Mar-15
1426867200,21-Mar-15
1427040000,23-Mar-15
1427126400,24-Mar-15
1427212800,25-Mar-15
1427299200,26-Mar-15
1427385600,27-Mar-15
1427472000,28-Mar-15
1427644800,30-Mar-15
1427731200,31-Mar-15
1427990400,3-Apr-15
1428076800,4-Apr-15
1428249600,6-Apr-15
1428336000,7-Apr-15
1428422400,8-Apr-15
1428508800,9-Apr-15
1428595200,10-Apr-15
1428681600,11-Apr-15
1428854400,13-Apr-15
1428940800,14-Apr-15
1429027200,15-Apr-15
1429113600,16-Apr-15
1429200000,17-Apr-15
1429286400,18-Apr-15
1429459200,20-Apr-15
1429545600,21-Apr-15
1429632000,22-Apr-15
1429718400,23-Apr-15
1429804800,24-Apr-15
1429891200,25-Apr-15
1430064000,27-Apr-15
1430150400,28-Apr-15
1430236800,29-Apr-15
1430323200,30-Apr-15
1430409600,1-May-15
1430496000,2-May-15
1430668800,4-May-15
1430755200,5-May-15
1430841600,6-May-15
1430928000,7-May-15
1431014400,8-May-15
1431100800,9-May-15
1431273600,11-May-15
1431360000,12-May-15
1431446400,13-May-15
1431532800,14-May-15
1431619200,15-May-15
1431705600,16-May-15
1431878400,18-May-15
1431964800,19-May-15
1432051200,20-May-15
1432137600,21-May-15
1432224000,22-May-15
1432310400,23-May-15
1432483200,25-May-15
1432569600,26-May-15
1432656000,27-May-15
1432742400,28-May-15
1432828800,29-May-15
1432915200,30-May-15
1433088000,1-Jun-15
1433174400,2-Jun-15
1433260800,3-Jun-15
1433347200,4-Jun-15
1433433600,5-Jun-15
1433520000,6-Jun-15
1433692800,8-Jun-15
1433779200,9-Jun-15
1433865600,10-Jun-15
1433952000,11-Jun-15
1434038400,12-Jun-15
1434124800,13-Jun-15
1434297600,15-Jun-15
1434384000,16-Jun-15
1434470400,17-Jun-15
1434556800,18-Jun-15
1434643200,19-Jun-15
1434729600,20-Jun-15
1434902400,22-Jun-15
1434988800,23-Jun-15
1435075200,24-Jun-15
1435161600,25-Jun-15
1435248000,26-Jun-15
1435334400,27-Jun-15
1435507200,29-Jun-15
1435593600,30-Jun-15
1435680000,1-Jul-15
1435766400,2-Jul-15
1435852800,3-Jul-15
1435939200,4-Jul-15
1436112000,6-Jul-15
1436198400,7-Jul-15
1436284800,8-Jul-15
1436371200,9-Jul-15
1436457600,10-Jul-15
1436544000,11-Jul-15
1436630400,12-Jul-15
1436716800,13-Jul-15
1436803200,14-Jul-15
1436889600,15-Jul-15
1436976000,16-Jul-15
1437062400,17-Jul-15
1437148800,18-Jul-15
1437321600,20-Jul-15
1437408000,21-Jul-15
1437494400,22-Jul-15
1437580800,23-Jul-15
1437667200,24-Jul-15
1437753600,25-Jul-15
1437926400,27-Jul-15
1438012800,28-Jul-15
1438099200,29-Jul-15
1438185600,30-Jul-15
1438272000,31-Jul-15
1438358400,1-Aug-15
1438531200,3-Aug-15
1438617600,4-Aug-15
1438704000,5-Aug-15
1438790400,6-Aug-15
1438876800,7-Aug-15
1438963200,8-Aug-15
1439136000,10-Aug-15
1439222400,11-Aug-15
1439308800,12-Aug-15
1439395200,13-Aug-15
1439481600,14-Aug-15
1439568000,15-Aug-15
1439654400,16-Aug-15
1439740800,17-Aug-15
1439827200,18-Aug-15
1439913600,19-Aug-15
1440000000,20-Aug-15
1440086400,21-Aug-15
1440172800,22-Aug-15
1440259200,23-Aug-15
1440345600,24-Aug-15
1440432000,25-Aug-15
1440518400,26-Aug-15
1440604800,27-Aug-15
1440691200,28-Aug-15
1440777600,29-Aug-15
1440950400,31-Aug-15
1441036800,1-Sep-15
1441123200,2-Sep-15
1441209600,3-Sep-15
1441296000,4-Sep-15
1441382400,5-Sep-15
1441468800,6-Sep-15
1441555200,7-Sep-15
1441641600,8-Sep-15
1441728000,9-Sep-15
1441814400,10-Sep-15
1441900800,11-Sep-15
1442073600,13-Sep-15
1442160000,14-Sep-15
1442246400,15-Sep-15
1442332800,16-Sep-15
1442419200,17-Sep-15
1442505600,18-Sep-15
1442592000,19-Sep-15
1442678400,20-Sep-15
1442764800,21-Sep-15
1442851200,22-Sep-15
1442937600,23-Sep-15
1443024000,24-Sep-15
1443110400,25-Sep-15
1443369600,28-Sep-15
1443456000,29-Sep-15
1443542400,30-Sep-15
1443628800,1-Oct-15
1443801600,3-Oct-15
1443974400,5-Oct-15
1444060800,6-Oct-15
1444147200,7-Oct-15
1444233600,8-Oct-15
1444320000,9-Oct-15
1444579200,12-Oct-15
1444665600,13-Oct-15
1444752000,14-Oct-15
1444838400,15-Oct-15
1444924800,16-Oct-15
1445011200,17-Oct-15
1445184000,19-Oct-15
1445270400,20-Oct-15
1445356800,21-Oct-15
1445529600,23-Oct-15
1445788800,26-Oct-15
1445875200,27-Oct-15
1445961600,28-Oct-15
1446048000,29-Oct-15
1446134400,30-Oct-15
1446220800,31-Oct-15
1446393600,2-Nov-15
1446480000,3-Nov-15
1446566400,4-Nov-15
1446652800,5-Nov-15
1446739200,6-Nov-15
1446825600,7-Nov-15
1446912000,8-Nov-15
1446998400,9-Nov-15
1447084800,10-Nov-15
1447171200,11-Nov-15
1447257600,12-Nov-15
1447344000,13-Nov-15
1447430400,14-Nov-15
1447603200,16-Nov-15
1447689600,17-Nov-15
1447776000,18-Nov-15
1447862400,19-Nov-15
1447948800,20-Nov-15
1448035200,21-Nov-15
1448208000,23-Nov-15
1448294400,24-Nov-15
1448380800,25-Nov-15
1448467200,26-Nov-15
1448553600,27-Nov-15
1448812800,30-Nov-15
1448899200,1-Dec-15
1448985600,2-Dec-15
1449072000,3-Dec-15
1449158400,4-Dec-15
1449244800,5-Dec-15
1449417600,7-Dec-15
1449504000,8-Dec-15
1449590400,9-Dec-15
1449676800,10-Dec-15
1449763200,11-Dec-15
1450022400,14-Dec-15
1450108800,15-Dec-15
1450195200,16-Dec-15
1450281600,17-Dec-15
1450368000,18-Dec-15
1450454400,19-Dec-15
1450627200,21-Dec-15
1450713600,22-Dec-15
1450800000,23-Dec-15
1450886400,24-Dec-15
1451059200,26-Dec-15
1451232000,28-Dec-15
1451318400,29-Dec-15
1451404800,30-Dec-15
1451491200,31-Dec-15
1451577600,1-Jan-16
1451664000,2-Jan-16
1451836800,4-Jan-16
1451923200,5-Jan-16
1452009600,6-Jan-16
1452096000,7-Jan-16
1452182400,8-Jan-16
1452441600,11-Jan-16
1452528000,12-Jan-16
1452614400,13-Jan-16
1452700800,14-Jan-16
1452787200,15-Jan-16
1452873600,16-Jan-16
1453046400,18-Jan-16
1453132800,19-Jan-16
1453219200,20-Jan-16
1453305600,21-Jan-16
1453392000,22-Jan-16
1453651200,25-Jan-16
1453824000,27-Jan-16
1453910400,28-Jan-16
1453996800,29-Jan-16
1454083200,30-Jan-16
1454169600,31-Jan-16
1454256000,1-Feb-16
1454342400,2-Feb-16
1454428800,3-Feb-16
1454515200,4-Feb-16
1454601600,5-Feb-16
1454688000,6-Feb-16
1454860800,8-Feb-16
1454947200,9-Feb-16
1455033600,10-Feb-16
1455120000,11-Feb-16
1455206400,12-Feb-16
1455465600,15-Feb-16
1455552000,16-Feb-16
1455638400,17-Feb-16
1455724800,18-Feb-16
1455811200,19-Feb-16
1455897600,20-Feb-16
1456070400,22-Feb-16
1456156800,23-Feb-16
1456243200,24-Feb-16
1456329600,25-Feb-16
1456416000,26-Feb-16
1456502400,27-Feb-16
1456675200,29-Feb-16
1456761600,1-Mar-16
1456848000,2-Mar-16
1456934400,3-Mar-16
1457020800,4-Mar-16
1457107200,5-Mar-16
1457280000,7-Mar-16
1457366400,8-Mar-16
1457452800,9-Mar-16
1457539200,10-Mar-16
1457625600,11-Mar-16
1457798400,13-Mar-16
1457884800,14-Mar-16
1457971200,15-Mar-16
1458057600,16-Mar-16
1458144000,17-Mar-16
1458230400,18-Mar-16
1458316800,19-Mar-16
1458489600,21-Mar-16
1458576000,22-Mar-16
1458662400,23-Mar-16
1458748800,24-Mar-16
1458835200,25-Mar-16
1458921600,26-Mar-16
1459094400,28-Mar-16
1459180800,29-Mar-16
1459267200,30-Mar-16
1459353600,31-Mar-16
1459440000,1-Apr-16
1459526400,2-Apr-16
1459699200,4-Apr-16
1459785600,5-Apr-16
1459872000,6-Apr-16
1459958400,7-Apr-16
1460044800,8-Apr-16
1460304000,11-Apr-16
1460390400,12-Apr-16
1460476800,13-Apr-16
1460563200,14-Apr-16
1460649600,15-Apr-16
1460736000,16-Apr-16
1460908800,18-Apr-16
1460995200,19-Apr-16
1461081600,20-Apr-16
1461168000,21-Apr-16
1461254400,22-Apr-16
1461340800,23-Apr-16
1461513600,25-Apr-16
1461600000,26-Apr-16
1461686400,27-Apr-16
1461772800,28-Apr-16
1461859200,29-Apr-16
1461945600,30-Apr-16
1462118400,2-May-16
1462204800,3-May-16
1462291200,4-May-16
1462377600,5-May-16
1462464000,6-May-16
1462550400,7-May-16
1462723200,9-May-16
1462809600,10-May-16
1462896000,11-May-16
1462982400,12-May-16
1463068800,13-May-16
1463328000,16-May-16
1463414400,17-May-16
1463500800,18-May-16
1463587200,19-May-16
1463673600,20-May-16
1463760000,21-May-16
1463932800,23-May-16
1464019200,24-May-16
1464105600,25-May-16
1464192000,26-May-16
1464278400,27-May-16
1464537600,30-May-16
1464624000,31-May-16
1464710400,1-Jun-16
1464796800,2-Jun-16
1464883200,3-Jun-16
1464969600,4-Jun-16
1465142400,6-Jun-16
1465228800,7-Jun-16
1465315200,8-Jun-16
1465401600,9-Jun-16
1465488000,10-Jun-16
1465747200,13-Jun-16
1465833600,14-Jun-16
1465920000,15-Jun-16
1466006400,16-Jun-16
1466092800,17-Jun-16
1466179200,18-Jun-16
1466352000,20-Jun-16
1466438400,21-Jun-16
1466524800,22-Jun-16
1466611200,23-Jun-16
1466697600,24-Jun-16
1466956800,27-Jun-16
1467043200,28-Jun-16
1467129600,29-Jun-16
1467216000,30-Jun-16
1467302400,1-Jul-16
1467388800,2-Jul-16
1467475200,3-Jul-16
1467561600,4-Jul-16
1467648000,5-Jul-16
1467734400,6-Jul-16
1467820800,7-Jul-16
1467907200,8-Jul-16
1468166400,11-Jul-16
1468252800,12-Jul-16
1468339200,13-Jul-16
1468425600,14-Jul-16
1468512000,15-Jul-16
1468598400,16-Jul-16
1468684800,17-Jul-16
1468771200,18-Jul-16
1468857600,19-Jul-16
1468944000,20-Jul-16
1469030400,21-Jul-16
1469116800,22-Jul-16
1469203200,23-Jul-16
1469376000,25-Jul-16
1469462400,26-Jul-16
1469548800,27-Jul-16
1469635200,28-Jul-16
1469721600,29-Jul-16
1469808000,30-Jul-16
1469980800,1-Aug-16
1470067200,2-Aug-16
1470153600,3-Aug-16
1470240000,4-Aug-16
1470326400,5-Aug-16
1470412800,6-Aug-16
1470499200,7-Aug-16
1470585600,8-Aug-16
1470672000,9-Aug-16
1470758400,10-Aug-16
1470844800,11-Aug-16
1470931200,12-Aug-16
1471017600,13-Aug-16
1471276800,16-Aug-16
1471363200,17-Aug-16
1471449600,18-Aug-16
1471536000,19-Aug-16
1471622400,20-Aug-16
1471708800,21-Aug-16
1471795200,22-Aug-16
1471881600,23-Aug-16
1471968000,24-Aug-16
1472054400,25-Aug-16
1472140800,26-Aug-16
1472313600,28-Aug-16
1472400000,29-Aug-16
1472486400,30-Aug-16
1472572800,31-Aug-16
1472659200,1-Sep-16
1472745600,2-Sep-16
1472832000,3-Sep-16
1472918400,4-Sep-16
1473004800,5-Sep-16
1473091200,6-Sep-16
1473177600,7-Sep-16
1473264000,8-Sep-16
1473350400,9-Sep-16
1473436800,10-Sep-16
1473609600,12-Sep-16
1473696000,13-Sep-16
1473782400,14-Sep-16
1473868800,15-Sep-16
1473955200,16-Sep-16
1474041600,17-Sep-16
1474128000,18-Sep-16
1474214400,19-Sep-16
1474300800,20-Sep-16
1474387200,21-Sep-16
1474473600,22-Sep-16
1474560000,23-Sep-16
1474646400,24-Sep-16
1474819200,26-Sep-16
1474905600,27-Sep-16
1474992000,28-Sep-16
1475078400,29-Sep-16
1475164800,30-Sep-16
1475251200,1-Oct-16
1475424000,3-Oct-16
1475510400,4-Oct-16
1475596800,5-Oct-16
1475683200,6-Oct-16
1475769600,7-Oct-16
1475856000,8-Oct-16
1475942400,9-Oct-16
1476028800,10-Oct-16
1476115200,11-Oct-16
1476201600,12-Oct-16
1476288000,13-Oct-16
1476374400,14-Oct-16
1476460800,15-Oct-16
1476633600,17-Oct-16
1476720000,18-Oct-16
1476806400,19-Oct-16
1476892800,20-Oct-16
1476979200,21-Oct-16
1477065600,22-Oct-16
1477238400,24-Oct-16
1477324800,25-Oct-16
1477411200,26-Oct-16
1477497600,27-Oct-16
1477584000,28-Oct-16
1477670400,29-Oct-16
1477843200,31-Oct-16
1477929600,1-Nov-16
1478016000,2-Nov-16
1478102400,3-Nov-16
1478188800,4-Nov-16
1478275200,5-Nov-16
1478448000,7-Nov-16
1478534400,8-Nov-16
1478620800,9-Nov-16
1478707200,10-Nov-16
1478793600,11-Nov-16
1478880000,12-Nov-16
1478966400,13-Nov-16
1479052800,14-Nov-16
1479139200,15-Nov-16
1479225600,16-Nov-16
1479312000,17-Nov-16
1479398400,18-Nov-16
1479484800,19-Nov-16
1479571200,20-Nov-16
1479657600,21-Nov-16
1479744000,22-Nov-16
1479830400,23-Nov-16
1479916800,24-Nov-16
1480003200,25-Nov-16
1480089600,26-Nov-16
1480176000,27-Nov-16
1480262400,28-Nov-16
1480348800,29-Nov-16
1480435200,30-Nov-16
1480521600,1-Dec-16
1480608000,2-Dec-16
1480694400,3-Dec-16
1480780800,4-Dec-16
1480867200,5-Dec-16
1480953600,6-Dec-16
1481040000,7-Dec-16
1481126400,8-Dec-16
1481212800,9-Dec-16
1481299200,10-Dec-16
1481472000,12-Dec-16
1481558400,13-Dec-16
1481644800,14-Dec-16
1481731200,15-Dec-16
1481817600,16-Dec-16
1481904000,17-Dec-16
1482076800,19-Dec-16
1482163200,20-Dec-16
1482249600,21-Dec-16
1482336000,22-Dec-16
1482422400,23-Dec-16
1482508800,24-Dec-16
1482681600,26-Dec-16
1482768000,27-Dec-16
1482854400,28-Dec-16
1482940800,29-Dec-16
1483027200,30-Dec-16
1483113600,31-Dec-16
1483286400,2-Jan-17
1483372800,3-Jan-17
1483459200,4-Jan-17
1483545600,5-Jan-17
1483632000,6-Jan-17
1483718400,7-Jan-17
1483891200,9-Jan-17
1483977600,10-Jan-17
1484064000,11-Jan-17
1484150400,12-Jan-17
1484236800,13-Jan-17
1484323200,14-Jan-17
1484496000,16-Jan-17
1484582400,17-Jan-17
1484668800,18-Jan-17
1484755200,19-Jan-17
1484841600,20-Jan-17
1484928000,21-Jan-17
1485100800,23-Jan-17
1485187200,24-Jan-17
1485273600,25-Jan-17
1485446400,27-Jan-17
1485532800,28-Jan-17
1485619200,29-Jan-17
1485705600,30-Jan-17
1485792000,31-Jan-17
1485878400,1-Feb-17
1485964800,2-Feb-17
1486051200,3-Feb-17
1486137600,4-Feb-17
1486310400,6-Feb-17
1486396800,7-Feb-17
1486483200,8-Feb-17
1486569600,9-Feb-17
1486656000,10-Feb-17
1486915200,13-Feb-17
1487001600,14-Feb-17
1487088000,15-Feb-17
1487174400,16-Feb-17
1487260800,17-Feb-17
1487347200,18-Feb-17
1487520000,20-Feb-17
1487606400,21-Feb-17
1487692800,22-Feb-17
1487779200,23-Feb-17
1487865600,24-Feb-17
1488124800,27-Feb-17
1488211200,28-Feb-17
1488297600,1-Mar-17
1488384000,2-Mar-17
1488470400,3-Mar-17
1488556800,4-Mar-17
1488729600,6-Mar-17
1488816000,7-Mar-17
1488902400,8-Mar-17
1488988800,9-Mar-17
1489075200,10-Mar-17
1489334400,13-Mar-17
1489420800,14-Mar-17
1489507200,15-Mar-17
1489593600,16-Mar-17
1489680000,17-Mar-17
1489766400,18-Mar-17
1489939200,20-Mar-17
1490025600,21-Mar-17
1490112000,22-Mar-17
1490198400,23-Mar-17
1490284800,24-Mar-17
1490371200,25-Mar-17
1490457600,26-Mar-17
1490544000,27-Mar-17
1490630400,28-Mar-17
1490716800,29-Mar-17
1490803200,30-Mar-17
1490889600,31-Mar-17
1490976000,1-Apr-17
1491148800,3-Apr-17
1491235200,4-Apr-17
1491321600,5-Apr-17
1491408000,6-Apr-17
1491494400,7-Apr-17
1491580800,8-Apr-17
1491753600,10-Apr-17
1491840000,11-Apr-17
1491926400,12-Apr-17
1492012800,13-Apr-17
1492099200,14-Apr-17
1492185600,15-Apr-17
1492358400,17-Apr-17
1492444800,18-Apr-17
1492531200,19-Apr-17
1492617600,20-Apr-17
1492704000,21-Apr-17
1492790400,22-Apr-17
1492963200,24-Apr-17
1493049600,25-Apr-17
1493136000,26-Apr-17
1493222400,27-Apr-17
1493308800,28-Apr-17
1493395200,29-Apr-17
1493481600,30-Apr-17
1493568000,1-May-17
1493654400,2-May-17
1493740800,3-May-17
1493827200,4-May-17
1493913600,5-May-17
1494000000,6-May-17
1494172800,8-May-17
1494259200,9-May-17
1494345600,10-May-17
1494432000,11-May-17
1494518400,12-May-17
1494604800,13-May-17
1494777600,15-May-17
1494864000,16-May-17
1494950400,17-May-17
1495036800,18-May-17
1495123200,19-May-17
1495209600,20-May-17
1495382400,22-May-17
1495468800,23-May-17
1495555200,24-May-17
1495641600,25-May-17
1495728000,26-May-17
1495987200,29-May-17
1496073600,30-May-17
1496160000,31-May-17
1496246400,1-Jun-17
1496332800,2-Jun-17
1496419200,3-Jun-17
1496505600,4-Jun-17
1496592000,5-Jun-17
1496678400,6-Jun-17
1496764800,7-Jun-17
1496851200,8-Jun-17
1496937600,9-Jun-17
1497024000,10-Jun-17
1497196800,12-Jun-17
1497283200,13-Jun-17
1497369600,14-Jun-17
1497456000,15-Jun-17
1497542400,16-Jun-17
1497628800,17-Jun-17
1497801600,19-Jun-17
1497888000,20-Jun-17
1497974400,21-Jun-17
1498060800,22-Jun-17
1498147200,23-Jun-17
1498233600,24-Jun-17
1498492800,27-Jun-17
1498579200,28-Jun-17
1498665600,29-Jun-17
1498752000,30-Jun-17
1498838400,1-Jul-17
1499011200,3-Jul-17
1499097600,4-Jul-17
1499184000,5-Jul-17
1499270400,6-Jul-17
1499356800,7-Jul-17
1499529600,9-Jul-17
1499616000,10-Jul-17
1499702400,11-Jul-17
1499788800,12-Jul-17
1499875200,13-Jul-17
1499961600,14-Jul-17
1500048000,15-Jul-17
1500220800,17-Jul-17
1500307200,18-Jul-17
1500393600,19-Jul-17
1500480000,20-Jul-17
1500566400,21-Jul-17
1500652800,22-Jul-17
1500825600,24-Jul-17
1500912000,25-Jul-17
1500998400,26-Jul-17
1501084800,27-Jul-17
1501171200,28-Jul-17
1501257600,29-Jul-17
1501430400,31-Jul-17
1501516800,1-Aug-17
1501603200,2-Aug-17
1501689600,3-Aug-17
1501776000,4-Aug-17
1501862400,5-Aug-17
1502035200,7-Aug-17
1502121600,8-Aug-17
1502208000,9-Aug-17
1502294400,10-Aug-17
1502380800,11-Aug-17
1502467200,12-Aug-17
1502553600,13-Aug-17
1502640000,14-Aug-17
1502812800,16-Aug-17
1502899200,17-Aug-17
1502985600,18-Aug-17
1503072000,19-Aug-17
1503244800,21-Aug-17
1503331200,22-Aug-17
1503417600,23-Aug-17
1503504000,24-Aug-17
1503590400,25-Aug-17
1503676800,26-Aug-17
1503849600,28-Aug-17
1503936000,29-Aug-17
1504022400,30-Aug-17
1504108800,31-Aug-17
1504195200,1-Sep-17
1504454400,4-Sep-17
1504540800,5-Sep-17
1504627200,6-Sep-17
1504713600,7-Sep-17
1504800000,8-Sep-17
1505059200,11-Sep-17
1505145600,12-Sep-17
1505232000,13-Sep-17
1505318400,14-Sep-17
1505404800,15-Sep-17
1505491200,16-Sep-17
1505664000,18-Sep-17
1505750400,19-Sep-17
1505836800,20-Sep-17
1505923200,21-Sep-17
1506009600,22-Sep-17
1506182400,24-Sep-17
1506268800,25-Sep-17
1506355200,26-Sep-17
1506441600,27-Sep-17
1506528000,28-Sep-17
1506614400,29-Sep-17
1506700800,30-Sep-17
1506787200,1-Oct-17
1506873600,2-Oct-17
1506960000,3-Oct-17
1507046400,4-Oct-17
1507132800,5-Oct-17
1507219200,6-Oct-17
1507305600,7-Oct-17
1507478400,9-Oct-17
1507564800,10-Oct-17
1507651200,11-Oct-17
1507737600,12-Oct-17
1507824000,13-Oct-17
1508083200,16-Oct-17
1508169600,17-Oct-17
1508256000,18-Oct-17
1508342400,19-Oct-17
1508428800,20-Oct-17
1508515200,21-Oct-17
1508688000,23-Oct-17
1508774400,24-Oct-17
1508860800,25-Oct-17
1508947200,26-Oct-17
1509033600,27-Oct-17
1509120000,28-Oct-17
1509292800,30-Oct-17
1509379200,31-Oct-17
1509465600,1-Nov-17
1509552000,2-Nov-17
1509638400,3-Nov-17
1509724800,4-Nov-17
1509897600,6-Nov-17
1509984000,7-Nov-17
1510070400,8-Nov-17
1510156800,9-Nov-17
1510243200,10-Nov-17
1510416000,12-Nov-17
1510502400,13-Nov-17
1510588800,14-Nov-17
1510675200,15-Nov-17
1510761600,16-Nov-17
1510848000,17-Nov-17
1510934400,18-Nov-17
1511107200,20-Nov-17
1511193600,21-Nov-17
1511280000,22-Nov-17
1511366400,23-Nov-17
1511452800,24-Nov-17
1511539200,25-Nov-17
1511712000,27-Nov-17
1511798400,28-Nov-17
1511884800,29-Nov-17
1511971200,30-Nov-17
1512057600,1-Dec-17
1512144000,2-Dec-17
1512316800,4-Dec-17
1512403200,5-Dec-17
1512489600,6-Dec-17
1512576000,7-Dec-17
1512662400,8-Dec-17
1512748800,9-Dec-17
1512921600,11-Dec-17
1513008000,12-Dec-17
1513094400,13-Dec-17
1513180800,14-Dec-17
1513267200,15-Dec-17
1513353600,16-Dec-17
1513526400,18-Dec-17
1513612800,19-Dec-17
1513699200,20-Dec-17
1513785600,21-Dec-17
1513872000,22-Dec-17
1514131200,25-Dec-17
1514217600,26-Dec-17
1514304000,27-Dec-17
1514390400,28-Dec-17
1514476800,29-Dec-17
1514563200,30-Dec-17
1514649600,31-Dec-17
1514736000,1-Jan-18
1514822400,2-Jan-18
1514908800,3-Jan-18
1514995200,4-Jan-18
1515081600,5-Jan-18
1515168000,6-Jan-18
1515254400,7-Jan-18
1515340800,8-Jan-18
1515427200,9-Jan-18
1515513600,10-Jan-18
1515600000,11-Jan-18
1515686400,12-Jan-18
1515772800,13-Jan-18
1515945600,15-Jan-18
1516032000,16-Jan-18
1516118400,17-Jan-18
1516204800,18-Jan-18
1516291200,19-Jan-18
1516377600,20-Jan-18
1516550400,22-Jan-18
1516636800,23-Jan-18
1516723200,24-Jan-18
1516809600,25-Jan-18
1517155200,29-Jan-18
1517241600,30-Jan-18
1517328000,31-Jan-18
1517414400,1-Feb-18
1517500800,2-Feb-18
1517587200,3-Feb-18
1517760000,5-Feb-18
1517846400,6-Feb-18
1517932800,7-Feb-18
1518019200,8-Feb-18
1518105600,9-Feb-18
1518364800,12-Feb-18
1518451200,13-Feb-18
1518537600,14-Feb-18
1518624000,15-Feb-18
1518710400,16-Feb-18
1518796800,17-Feb-18
1518969600,19-Feb-18
1519056000,20-Feb-18
1519142400,21-Feb-18
1519228800,22-Feb-18
1519315200,23-Feb-18
1519574400,26-Feb-18
1519660800,27-Feb-18
1519747200,28-Feb-18
1519833600,1-Mar-18
1519920000,2-Mar-18
1520006400,3-Mar-18
1520179200,5-Mar-18
1520265600,6-Mar-18
1520352000,7-Mar-18
1520438400,8-Mar-18
1520524800,9-Mar-18
1520611200,10-Mar-18
1520784000,12-Mar-18
1520870400,13-Mar-18
1520956800,14-Mar-18
1521043200,15-Mar-18
1521129600,16-Mar-18
1521216000,17-Mar-18
1521388800,19-Mar-18
1521475200,20-Mar-18
1521561600,21-Mar-18
1521648000,22-Mar-18
1521734400,23-Mar-18
1521993600,26-Mar-18
1522080000,27-Mar-18
1522166400,28-Mar-18
1522252800,29-Mar-18
1522339200,30-Mar-18
1522425600,31-Mar-18
1522598400,2-Apr-18
1522684800,3-Apr-18
1522771200,4-Apr-18
1522857600,5-Apr-18
1522944000,6-Apr-18
1523030400,7-Apr-18
1523203200,9-Apr-18
1523289600,10-Apr-18
1523376000,11-Apr-18
1523462400,12-Apr-18
1523548800,13-Apr-18
1523808000,16-Apr-18
1523894400,17-Apr-18
1523980800,18-Apr-18
1524067200,19-Apr-18
1524153600,20-Apr-18
1524240000,21-Apr-18
1524412800,23-Apr-18
1524499200,24-Apr-18
1524585600,25-Apr-18
1524672000,26-Apr-18
1524758400,27-Apr-18
1524931200,29-Apr-18
1525017600,30-Apr-18
1525104000,1-May-18
1525190400,2-May-18
1525276800,3-May-18
1525363200,4-May-18
1525449600,5-May-18
1525536000,6-May-18
1525622400,7-May-18
1525708800,8-May-18
1525795200,9-May-18
1525881600,10-May-18
1525968000,11-May-18
1526054400,12-May-18
1526140800,13-May-18
1526227200,14-May-18
1526313600,15-May-18
1526400000,16-May-18
1526486400,17-May-18
1526572800,18-May-18
1526659200,19-May-18
1526832000,21-May-18
1526918400,22-May-18
1527004800,23-May-18
1527091200,24-May-18
1527177600,25-May-18
1527264000,26-May-18
1527436800,28-May-18
1527523200,29-May-18
1527609600,30-May-18
1527696000,31-May-18
1527782400,1-Jun-18
1527868800,2-Jun-18
1527955200,3-Jun-18
1528041600,4-Jun-18
1528128000,5-Jun-18
1528214400,6-Jun-18
1528300800,7-Jun-18
1528387200,8-Jun-18
1528646400,11-Jun-18
1528732800,12-Jun-18
1528819200,13-Jun-18
1528905600,14-Jun-18
1528992000,15-Jun-18
1529078400,16-Jun-18
1529251200,18-Jun-18
1529337600,19-Jun-18
1529424000,20-Jun-18
1529510400,21-Jun-18
1529596800,22-Jun-18
1529683200,23-Jun-18
1529856000,25-Jun-18
1529942400,26-Jun-18
1530028800,27-Jun-18
1530115200,28-Jun-18
1530201600,29-Jun-18
1530288000,30-Jun-18
1530460800,2-Jul-18
1530547200,3-Jul-18
1530633600,4-Jul-18
1530720000,5-Jul-18
1530806400,6-Jul-18
1530892800,7-Jul-18
1530979200,8-Jul-18
1531065600,9-Jul-18
1531152000,10-Jul-18
1531238400,11-Jul-18
1531324800,12-Jul-18
1531411200,13-Jul-18
1531497600,14-Jul-18
1531670400,16-Jul-18
1531756800,17-Jul-18
1531843200,18-Jul-18
1531929600,19-Jul-18
1532016000,20-Jul-18
1532102400,21-Jul-18
1532275200,23-Jul-18
1532361600,24-Jul-18
1532448000,25-Jul-18
1532534400,26-Jul-18
1532620800,27-Jul-18
1532707200,28-Jul-18
1532880000,30-Jul-18
1532966400,31-Jul-18
1533052800,1-Aug-18
1533139200,2-Aug-18
1533225600,3-Aug-18
1533312000,4-Aug-18
1533484800,6-Aug-18
1533571200,7-Aug-18
1533657600,8-Aug-18
1533744000,9-Aug-18
1533830400,10-Aug-18
1533916800,11-Aug-18
1534089600,13-Aug-18
1534176000,14-Aug-18
1534348800,16-Aug-18
1534435200,17-Aug-18
1534521600,18-Aug-18
1534694400,20-Aug-18
1534780800,21-Aug-18
1534867200,22-Aug-18
1534953600,23-Aug-18
1535040000,24-Aug-18
1535126400,25-Aug-18
1535299200,27-Aug-18
1535385600,28-Aug-18
1535472000,29-Aug-18
1535558400,30-Aug-18
1535644800,31-Aug-18
1535731200,1-Sep-18
1535904000,3-Sep-18
1535990400,4-Sep-18
1536076800,5-Sep-18
1536163200,6-Sep-18
1536249600,7-Sep-18
1536336000,8-Sep-18
1536508800,10-Sep-18
1536595200,11-Sep-18
1536681600,12-Sep-18
1536768000,13-Sep-18
1536854400,14-Sep-18
1536940800,15-Sep-18
1537113600,17-Sep-18
1537200000,18-Sep-18
1537286400,19-Sep-18
1537372800,20-Sep-18
1537459200,21-Sep-18
1537718400,24-Sep-18
1537804800,25-Sep-18
1537891200,26-Sep-18
1537977600,27-Sep-18
1538064000,28-Sep-18
1538150400,29-Sep-18
1538236800,30-Sep-18
1538323200,1-Oct-18
1538409600,2-Oct-18
1538496000,3-Oct-18
1538582400,4-Oct-18
1538668800,5-Oct-18
1538755200,6-Oct-18
1538928000,8-Oct-18
1539014400,9-Oct-18
1539100800,10-Oct-18
1539187200,11-Oct-18
1539273600,12-Oct-18
1539360000,13-Oct-18
1539446400,14-Oct-18
1539532800,15-Oct-18
1539619200,16-Oct-18
1539705600,17-Oct-18
1539792000,18-Oct-18
1539878400,19-Oct-18
1539964800,20-Oct-18
1540137600,22-Oct-18
1540224000,23-Oct-18
1540310400,24-Oct-18
1540396800,25-Oct-18
1540483200,26-Oct-18
1540569600,27-Oct-18
1540742400,29-Oct-18
1540828800,30-Oct-18
1540915200,31-Oct-18
1541001600,1-Nov-18
1541088000,2-Nov-18
1541174400,3-Nov-18
1541260800,4-Nov-18
1541347200,5-Nov-18
1541433600,6-Nov-18
1541520000,7-Nov-18
1541606400,8-Nov-18
1541692800,9-Nov-18
1541779200,10-Nov-18
1541952000,12-Nov-18
1542038400,13-Nov-18
1542124800,14-Nov-18
1542211200,15-Nov-18
1542297600,16-Nov-18
1542384000,17-Nov-18
1542470400,18-Nov-18
1542556800,19-Nov-18
1542643200,20-Nov-18
1542729600,21-Nov-18
1542816000,22-Nov-18
1542902400,23-Nov-18
1543161600,26-Nov-18
1543248000,27-Nov-18
1543334400,28-Nov-18
1543420800,29-Nov-18
1543507200,30-Nov-18
1543593600,1-Dec-18
1543766400,3-Dec-18
1543852800,4-Dec-18
1543939200,5-Dec-18
1544025600,6-Dec-18
1544112000,7-Dec-18
1544198400,8-Dec-18
1544371200,10-Dec-18
1544457600,11-Dec-18
1544544000,12-Dec-18
1544630400,13-Dec-18
1544716800,14-Dec-18
1544803200,15-Dec-18
1544976000,17-Dec-18
1545062400,18-Dec-18
1545148800,19-Dec-18
1545235200,20-Dec-18
1545321600,21-Dec-18
1545580800,24-Dec-18
1545667200,25-Dec-18
1545753600,26-Dec-18
1545840000,27-Dec-18
1545926400,28-Dec-18
1546012800,29-Dec-18
1546185600,31-Dec-18
1546272000,1-Jan-19
1546358400,2-Jan-19
1546444800,3-Jan-19
1546531200,4-Jan-19
1546617600,5-Jan-19
1546790400,7-Jan-19
1546876800,8-Jan-19
1546963200,9-Jan-19
1547049600,10-Jan-19
1547136000,11-Jan-19
1547395200,14-Jan-19
1547481600,15-Jan-19
1547568000,16-Jan-19
1547654400,17-Jan-19
1547740800,18-Jan-19
1547827200,19-Jan-19
1548000000,21-Jan-19
1548086400,22-Jan-19
1548172800,23-Jan-19
1548259200,24-Jan-19
1548345600,25-Jan-19
1548604800,28-Jan-19
1548691200,29-Jan-19
1548777600,30-Jan-19
1548864000,31-Jan-19
1548950400,1-Feb-19
1549036800,2-Feb-19
1549209600,4-Feb-19
1549296000,5-Feb-19
1549382400,6-Feb-19
1549468800,7-Feb-19
1549555200,8-Feb-19
1549641600,9-Feb-19
1549814400,11-Feb-19
1549900800,12-Feb-19
1549987200,13-Feb-19
1550073600,14-Feb-19
1550160000,15-Feb-19
1550246400,16-Feb-19
1550332800,17-Feb-19
1550419200,18-Feb-19
1550505600,19-Feb-19
1550592000,20-Feb-19
1550678400,21-Feb-19
1550764800,22-Feb-19
1551024000,25-Feb-19
1551110400,26-Feb-19
1551196800,27-Feb-19
1551283200,28-Feb-19
1551369600,1-Mar-19
1551456000,2-Mar-19
1551628800,4-Mar-19
1551715200,5-Mar-19
