1333955520,2012/4/9 15:12
1333955580,2012/4/9 15:13
1333968060,2012/4/9 18:41
1333968900,2012/4/9 18:55
1333978500,2012/4/9 21:35
1333995900,2012/4/10 2:25
1334056860,2012/4/10 19:21
1334064120,2012/4/10 21:22
1334071440,2012/4/10 23:24
1334080920,2012/4/11 2:02
1334156280,2012/4/11 22:58
1334160300,2012/4/12 0:05
1334166540,2012/4/12 1:49
1334172840,2012/4/12 3:34
1334178300,2012/4/12 5:05
1334233800,2012/4/12 20:30
1334237040,2012/4/12 21:24
1334237100,2012/4/12 21:25
1334246640,2012/4/13 0:04
1334267160,2012/4/13 5:46
1334269860,2012/4/13 6:31
1334273280,2012/4/13 7:28
1334322540,2012/4/13 21:09
1334333460,2012/4/14 0:11
1334339160,2012/4/14 1:46
1334345400,2012/4/14 3:30
1334408220,2012/4/14 20:57
1334583960,2012/4/16 21:46
1334590740,2012/4/16 23:39
1334672700,2012/4/17 22:25
1334691060,2012/4/18 3:31
1334709780,2012/4/18 8:43
1334759220,2012/4/18 22:27
1334764380,2012/4/18 23:53
1334772660,2012/4/19 2:11
1334774880,2012/4/19 2:48
1334781960,2012/4/19 4:46
1334851980,2012/4/20 0:13
1334860080,2012/4/20 2:28
1334932800,2012/4/20 22:40
1335015600,2012/4/21 21:40
1335186420,2012/4/23 21:07
1335186480,2012/4/23 21:08
1335189900,2012/4/23 22:05
1335205380,2012/4/24 2:23
1335282000,2012/4/24 23:40
1335282720,2012/4/24 23:52
1335289140,2012/4/25 1:39
1335300720,2012/4/25 4:52
1335359580,2012/4/25 21:13
1335366240,2012/4/25 23:04
1335380100,2012/4/26 2:55
1335389700,2012/4/26 5:35
1335453000,2012/4/26 23:10
1335454320,2012/4/26 23:32
1335482640,2012/4/27 7:24
1335530820,2012/4/27 20:47
1335534420,2012/4/27 21:47
1335540960,2012/4/27 23:36
1335547920,2012/4/28 1:32
1335555060,2012/4/28 3:31
1335559920,2012/4/28 4:52
1335623880,2012/4/28 22:38
1335706140,2012/4/29 21:29
1335796500,2012/4/30 22:35
1335900300,2012/5/2 3:25
1335906060,2012/5/2 5:01
1336054560,2012/5/3 22:16
1336060560,2012/5/3 23:56
1336071060,2012/5/4 2:51
1336135740,2012/5/4 20:49
1336140360,2012/5/4 22:06
1336143900,2012/5/4 23:05
1336171320,2012/5/5 6:42
1336173780,2012/5/5 7:23
1336218240,2012/5/5 19:44
1336221600,2012/5/5 20:40
1336247640,2012/5/6 3:54
1336247760,2012/5/6 3:56
1336395180,2012/5/7 20:53
1336496640,2012/5/9 1:04
1336525920,2012/5/9 9:12
1336573860,2012/5/9 22:31
1336659840,2012/5/10 22:24
1336668840,2012/5/11 0:54
1336745940,2012/5/11 22:19
1336747320,2012/5/11 22:42
1336761780,2012/5/12 2:43
1337010120,2012/5/14 23:42
1337013120,2012/5/15 0:32
1337020380,2012/5/15 2:33
1337167560,2012/5/16 19:26
1337172360,2012/5/16 20:46
1337175780,2012/5/16 21:43
1337179860,2012/5/16 22:51
1337183520,2012/5/16 23:52
1337208420,2012/5/17 6:47
1337257740,2012/5/17 20:29
1337263680,2012/5/17 22:08
1337269860,2012/5/17 23:51
1337292180,2012/5/18 6:03
1337295060,2012/5/18 6:51
1337364120,2012/5/19 2:02
1337610900,2012/5/21 22:35
1337689440,2012/5/22 20:24
1337696640,2012/5/22 22:24
1337702460,2012/5/23 0:01
1337704980,2012/5/23 0:43
1337780940,2012/5/23 21:49
1337782560,2012/5/23 22:16
1337789520,2012/5/24 0:12
1337801700,2012/5/24 3:35
1337881260,2012/5/25 1:41
1337888280,2012/5/25 3:38
1337953860,2012/5/25 21:51
1337965200,2012/5/26 1:00
1338038580,2012/5/26 21:23
1338210180,2012/5/28 21:03
1338305400,2012/5/29 23:30
1338382980,2012/5/30 21:03
1338392100,2012/5/30 23:35
1338401640,2012/5/31 2:14
1338406860,2012/5/31 3:41
1338471240,2012/5/31 21:34
1338478800,2012/5/31 23:40
1338487020,2012/6/1 1:57
1338501180,2012/6/1 5:53
1338564780,2012/6/1 23:33
1338573060,2012/6/2 1:51
1338581580,2012/6/2 4:13
1338906780,2012/6/5 22:33
1338911580,2012/6/5 23:53
1338915300,2012/6/6 0:55
1338920460,2012/6/6 2:21
1338997380,2012/6/6 23:43
1339001280,2012/6/7 0:48
1339005120,2012/6/7 1:52
1339010820,2012/6/7 3:27
1339095060,2012/6/8 2:51
1339163220,2012/6/8 21:47
1339170660,2012/6/8 23:51
1339182540,2012/6/9 3:09
1339186620,2012/6/9 4:17
1339436820,2012/6/12 1:47
1339525620,2012/6/13 2:27
1339528560,2012/6/13 3:16
1339531560,2012/6/13 4:06
1339535160,2012/6/13 5:06
1339619640,2012/6/14 4:34
1339622460,2012/6/14 5:21
1339677180,2012/6/14 20:33
1339686240,2012/6/14 23:04
1339700040,2012/6/15 2:54
1339700160,2012/6/15 2:56
1339700340,2012/6/15 2:59
1339700640,2012/6/15 3:04
1339700820,2012/6/15 3:07
1339772160,2012/6/15 22:56
1340041140,2012/6/19 1:39
1340044140,2012/6/19 2:29
1340048520,2012/6/19 3:42
1340053860,2012/6/19 5:11
1340140260,2012/6/20 5:11
1340142540,2012/6/20 5:49
1340236080,2012/6/21 7:48
1340281920,2012/6/21 20:32
1340290260,2012/6/21 22:51
1340299080,2012/6/22 1:18
1340372160,2012/6/22 21:36
1340377920,2012/6/22 23:12
1340393460,2012/6/23 3:31
1340479920,2012/6/24 3:32
1340544180,2012/6/24 21:23
1340555520,2012/6/25 0:32
1340648520,2012/6/26 2:22
1340649300,2012/6/26 2:35
1340656020,2012/6/26 4:27
1340721360,2012/6/26 22:36
1340725860,2012/6/26 23:51
1340737200,2012/6/27 3:00
1340739480,2012/6/27 3:38
1340746560,2012/6/27 5:36
1340750340,2012/6/27 6:39
1340808180,2012/6/27 22:43
1340836500,2012/6/28 6:35
1340903760,2012/6/29 1:16
1340907720,2012/6/29 2:22
1340912040,2012/6/29 3:34
1340916360,2012/6/29 4:46
1340990820,2012/6/30 1:27
1341000900,2012/6/30 4:15
1341007920,2012/6/30 6:12
1341091080,2012/7/1 5:18
1341094680,2012/7/1 6:18
1341232560,2012/7/2 20:36
1341267840,2012/7/3 6:24
1341330840,2012/7/3 23:54
1341336840,2012/7/4 1:34
1341339780,2012/7/4 2:23
1341343740,2012/7/4 3:29
1341492000,2012/7/5 20:40
1341504240,2012/7/6 0:04
1341597780,2012/7/7 2:03
1341598860,2012/7/7 2:21
1341677160,2012/7/8 0:06
1341837720,2012/7/9 20:42
1341845940,2012/7/9 22:59
1341847500,2012/7/9 23:25
1341852480,2012/7/10 0:48
1341932340,2012/7/10 22:59
1341955440,2012/7/11 5:24
1341961080,2012/7/11 6:58
1341963600,2012/7/11 7:40
1342012260,2012/7/11 21:11
1342020420,2012/7/11 23:27
1342033200,2012/7/12 3:00
1342099140,2012/7/12 21:19
1342105980,2012/7/12 23:13
1342109940,2012/7/13 0:19
1342117020,2012/7/13 2:17
1342121520,2012/7/13 3:32
1342190640,2012/7/13 22:44
1342386720,2012/7/16 5:12
1342456860,2012/7/17 0:41
1342474440,2012/7/17 5:34
1342480560,2012/7/17 7:16
1342530480,2012/7/17 21:08
1342548960,2012/7/18 2:16
1342628100,2012/7/19 0:15
1342643220,2012/7/19 4:27
1342719960,2012/7/20 1:46
1343051640,2012/7/23 21:54
1343062860,2012/7/24 1:01
1343069940,2012/7/24 2:59
1343077560,2012/7/24 5:06
1343135040,2012/7/24 21:04
1343140080,2012/7/24 22:28
1343155200,2012/7/25 2:40
1343163600,2012/7/25 5:00
1343163900,2012/7/25 5:05
1343165040,2012/7/25 5:24
1343170080,2012/7/25 6:48
1343225100,2012/7/25 22:05
1343226180,2012/7/25 22:23
1343258640,2012/7/26 7:24
1343259840,2012/7/26 7:44
1343330400,2012/7/27 3:20
1343335500,2012/7/27 4:45
1343341560,2012/7/27 6:26
1343393160,2012/7/27 20:46
1343415720,2012/7/28 3:02
1343664360,2012/7/31 0:06
1343665020,2012/7/31 0:17
1343666520,2012/7/31 0:42
1343677680,2012/7/31 3:48
1343683080,2012/7/31 5:18
1343683500,2012/7/31 5:25
1343688180,2012/7/31 6:43
1343756640,2012/8/1 1:44
1343759700,2012/8/1 2:35
1343763600,2012/8/1 3:40
1343771340,2012/8/1 5:49
1343940480,2012/8/3 4:48
1343943960,2012/8/3 5:46
1343948280,2012/8/3 6:58
1344017040,2012/8/4 2:04
1344038040,2012/8/4 7:54
1344088380,2012/8/4 21:53
1344102480,2012/8/5 1:48
1344108420,2012/8/5 3:27
1344116040,2012/8/5 5:34
1344181560,2012/8/5 23:46
1344273960,2012/8/7 1:26
1344279780,2012/8/7 3:03
1344286200,2012/8/7 4:50
1344370740,2012/8/8 4:19
1344446280,2012/8/9 1:18
1344545400,2012/8/10 4:50
1344552180,2012/8/10 6:43
1344705780,2012/8/12 1:23
1344726180,2012/8/12 7:03
1344780960,2012/8/12 22:16
1344789900,2012/8/13 0:45
1344799920,2012/8/13 3:32
1344879300,2012/8/14 1:35
1344884040,2012/8/14 2:54
1344898560,2012/8/14 6:56
1344901380,2012/8/14 7:43
1344902160,2012/8/14 7:56
1344978240,2012/8/15 5:04
1344981120,2012/8/15 5:52
1345038300,2012/8/15 21:45
1345041600,2012/8/15 22:40
1345123500,2012/8/16 21:25
1345126860,2012/8/16 22:21
1345142400,2012/8/17 2:40
1345153560,2012/8/17 5:46
1345308000,2012/8/19 0:40
1345311060,2012/8/19 1:31
1345316460,2012/8/19 3:01
1345320600,2012/8/19 4:10
1345381560,2012/8/19 21:06
1345403460,2012/8/20 3:11
1345474200,2012/8/20 22:50
1345481760,2012/8/21 0:56
1345485420,2012/8/21 1:57
1345570140,2012/8/22 1:29
1345642380,2012/8/22 21:33
1345670220,2012/8/23 5:17
1345670580,2012/8/23 5:23
1345676700,2012/8/23 7:05
1345746180,2012/8/24 2:23
1345756500,2012/8/24 5:15
1345842780,2012/8/25 5:13
1345899960,2012/8/25 21:06
1345906260,2012/8/25 22:51
1345986660,2012/8/26 21:11
1346092320,2012/8/28 2:32
1346092980,2012/8/28 2:43
1346098380,2012/8/28 4:13
1346178660,2012/8/29 2:31
1346182740,2012/8/29 3:39
1346266200,2012/8/30 2:50
1346271600,2012/8/30 4:20
1346338620,2012/8/30 22:57
1346357520,2012/8/31 4:12
1346429940,2012/9/1 0:19
1346430300,2012/9/1 0:25
1346430720,2012/9/1 0:32
1346440920,2012/9/1 3:22
1346527380,2012/9/2 3:23
1346531400,2012/9/2 4:30
1346535300,2012/9/2 5:35
1346596260,2012/9/2 22:31
1346679300,2012/9/3 21:35
1346684100,2012/9/3 22:55
1346691660,2012/9/4 1:01
1346771460,2012/9/4 23:11
1346778600,2012/9/5 1:10
1346780400,2012/9/5 1:40
1346781600,2012/9/5 2:00
1346782200,2012/9/5 2:10
1346783460,2012/9/5 2:31
1346798580,2012/9/5 6:43
1346803020,2012/9/5 7:57
1346847660,2012/9/5 20:21
1346851920,2012/9/5 21:32
1346859120,2012/9/5 23:32
1346866260,2012/9/6 1:31
1346871780,2012/9/6 3:03
1346880060,2012/9/6 5:21
1346891460,2012/9/6 8:31
1346938140,2012/9/6 21:29
1346945940,2012/9/6 23:39
1346950080,2012/9/7 0:48
1346971920,2012/9/7 6:52
1346972220,2012/9/7 6:57
1346978220,2012/9/7 8:37
1347020400,2012/9/7 20:20
1347023760,2012/9/7 21:16
1347031680,2012/9/7 23:28
1347037260,2012/9/8 1:01
1347044700,2012/9/8 3:05
1347054780,2012/9/8 5:53
1347110460,2012/9/8 21:21
1347120300,2012/9/9 0:05
1347142800,2012/9/9 6:20
1347196440,2012/9/9 21:14
1347221460,2012/9/10 4:11
1347290760,2012/9/10 23:26
1347306960,2012/9/11 3:56
1347313440,2012/9/11 5:44
1347473520,2012/9/13 2:12
1347475980,2012/9/13 2:53
1347477360,2012/9/13 3:16
1347486300,2012/9/13 5:45
1347565500,2012/9/14 3:45
1347568500,2012/9/14 4:35
1347569100,2012/9/14 4:45
1347570300,2012/9/14 5:05
1347646200,2012/9/15 2:10
1347648600,2012/9/15 2:50
1347649800,2012/9/15 3:10
1347650400,2012/9/15 3:20
1347657420,2012/9/15 5:17
1347663120,2012/9/15 6:52
1347732600,2012/9/16 2:10
1347733860,2012/9/16 2:31
1347735000,2012/9/16 2:50
1347735600,2012/9/16 3:00
1347736800,2012/9/16 3:20
1347802140,2012/9/16 21:29
1347808200,2012/9/16 23:10
1347809460,2012/9/16 23:31
1347810000,2012/9/16 23:40
1347810600,2012/9/16 23:50
1347811800,2012/9/17 0:10
1347812400,2012/9/17 0:20
1347812700,2012/9/17 0:25
1347907020,2012/9/18 2:37
1347968400,2012/9/18 19:40
1347969600,2012/9/18 20:00
1347978660,2012/9/18 22:31
1348057380,2012/9/19 20:23
1348063260,2012/9/19 22:01
1348069680,2012/9/19 23:48
1348082520,2012/9/20 3:22
1348094220,2012/9/20 6:37
1348149420,2012/9/20 21:57
1348163340,2012/9/21 1:49
1348178580,2012/9/21 6:03
1348261980,2012/9/22 5:13
1348263900,2012/9/22 5:45
1348265100,2012/9/22 6:05
1348265700,2012/9/22 6:15
1348268700,2012/9/22 7:05
1348269300,2012/9/22 7:15
1348269900,2012/9/22 7:25
1348338540,2012/9/23 2:29
1348348260,2012/9/23 5:11
1348415760,2012/9/23 23:56
1348436340,2012/9/24 5:39
1348441320,2012/9/24 7:02
1348499880,2012/9/24 23:18
1348507860,2012/9/25 1:31
1348517880,2012/9/25 4:18
1348594500,2012/9/26 1:35
1348595100,2012/9/26 1:45
1348596300,2012/9/26 2:05
1348597500,2012/9/26 2:25
1348598700,2012/9/26 2:45
1348604640,2012/9/26 4:24
1348678740,2012/9/27 0:59
1348696320,2012/9/27 5:52
1348700040,2012/9/27 6:54
1348752060,2012/9/27 21:21
1348786440,2012/9/28 6:54
1348842360,2012/9/28 22:26
1348846140,2012/9/28 23:29
1348862100,2012/9/29 3:55
1348864500,2012/9/29 4:35
1348865100,2012/9/29 4:45
1348869720,2012/9/29 6:02
1348934640,2012/9/30 0:04
1348947900,2012/9/30 3:45
1348949640,2012/9/30 4:14
1349017200,2012/9/30 23:00
1349030580,2012/10/1 2:43
1349052360,2012/10/1 8:46
1349098140,2012/10/1 21:29
1349109300,2012/10/2 0:35
1349110740,2012/10/2 0:59
1349123820,2012/10/2 4:37
1349196600,2012/10/3 0:50
1349197440,2012/10/3 1:04
1349197860,2012/10/3 1:11
1349205600,2012/10/3 3:20
1349207700,2012/10/3 3:55
1349208900,2012/10/3 4:15
1349210100,2012/10/3 4:35
1349213460,2012/10/3 5:31
1349217000,2012/10/3 6:30
1349279160,2012/10/3 23:46
1349282100,2012/10/4 0:35
1349286180,2012/10/4 1:43
1349300760,2012/10/4 5:46
1349302860,2012/10/4 6:21
1349310900,2012/10/4 8:35
1349315280,2012/10/4 9:48
1349349780,2012/10/4 19:23
1349356200,2012/10/4 21:10
1349390700,2012/10/5 6:45
1349391300,2012/10/5 6:55
1349393100,2012/10/5 7:25
1349393460,2012/10/5 7:31
1349457780,2012/10/6 1:23
1349463780,2012/10/6 3:03
1349469240,2012/10/6 4:34
1349541480,2012/10/7 0:38
1349619720,2012/10/7 22:22
1349637000,2012/10/8 3:10
1349644380,2012/10/8 5:13
1349791920,2012/10/9 22:12
1349794800,2012/10/9 23:00
1349798940,2012/10/10 0:09
1349806440,2012/10/10 2:14
1349812920,2012/10/10 4:02
1349881800,2012/10/10 23:10
1349885700,2012/10/11 0:15
1349898480,2012/10/11 3:48
1349959020,2012/10/11 20:37
1349965920,2012/10/11 22:32
1349969580,2012/10/11 23:33
1349973780,2012/10/12 0:43
1349977140,2012/10/12 1:39
1349987700,2012/10/12 4:35
1349990280,2012/10/12 5:18
1349991960,2012/10/12 5:46
1349993760,2012/10/12 6:16
1349995260,2012/10/12 6:41
1349995860,2012/10/12 6:51
1349996340,2012/10/12 6:59
1349996580,2012/10/12 7:03
1349996820,2012/10/12 7:07
1349997360,2012/10/12 7:16
1349997660,2012/10/12 7:21
1349998800,2012/10/12 7:40
1349999040,2012/10/12 7:44
1349999760,2012/10/12 7:56
1350000060,2012/10/12 8:01
1350000300,2012/10/12 8:05
1350001200,2012/10/12 8:20
1350002340,2012/10/12 8:39
1350007020,2012/10/12 9:57
1350007980,2012/10/12 10:13
1350044760,2012/10/12 20:26
1350048420,2012/10/12 21:27
1350052200,2012/10/12 22:30
1350056280,2012/10/12 23:38
1350064500,2012/10/13 1:55
1350069780,2012/10/13 3:23
1350074760,2012/10/13 4:46
1350080820,2012/10/13 6:27
1350139380,2012/10/13 22:43
1350143760,2012/10/13 23:56
1350158820,2012/10/14 4:07
1350227520,2012/10/14 23:12
1350240420,2012/10/15 2:47
1350307320,2012/10/15 21:22
1350313260,2012/10/15 23:01
1350328560,2012/10/16 3:16
1350341100,2012/10/16 6:45
1350391620,2012/10/16 20:47
1350397140,2012/10/16 22:19
1350403560,2012/10/17 0:06
1350411180,2012/10/17 2:13
1350426540,2012/10/17 6:29
1350427620,2012/10/17 6:47
1350427800,2012/10/17 6:50
1350429840,2012/10/17 7:24
1350432120,2012/10/17 8:02
1350432240,2012/10/17 8:04
1350432780,2012/10/17 8:13
1350435780,2012/10/17 9:03
1350438660,2012/10/17 9:51
1350473460,2012/10/17 19:31
1350488280,2012/10/17 23:38
1350488460,2012/10/17 23:41
1350497460,2012/10/18 2:11
1350501360,2012/10/18 3:16
1350510240,2012/10/18 5:44
1350515460,2012/10/18 7:11
1350564300,2012/10/18 20:45
1350581280,2012/10/19 1:28
1350597240,2012/10/19 5:54
1350601140,2012/10/19 6:59
1350657960,2012/10/19 22:46
1350658440,2012/10/19 22:54
1350683760,2012/10/20 5:56
1350685500,2012/10/20 6:25
1350686160,2012/10/20 6:36
1350686700,2012/10/20 6:45
1350746520,2012/10/20 23:22
1350753900,2012/10/21 1:25
1350756900,2012/10/21 2:15
1350758160,2012/10/21 2:36
1350763380,2012/10/21 4:03
1350829980,2012/10/21 22:33
1350840780,2012/10/22 1:33
1350912180,2012/10/22 21:23
1350918240,2012/10/22 23:04
1350924780,2012/10/23 0:53
1350928020,2012/10/23 1:47
1350933600,2012/10/23 3:20
1350944520,2012/10/23 6:22
1350946320,2012/10/23 6:52
1350947400,2012/10/23 7:10
1350948420,2012/10/23 7:27
1350949020,2012/10/23 7:37
1350949860,2012/10/23 7:51
1350949920,2012/10/23 7:52
1350950760,2012/10/23 8:06
1350951600,2012/10/23 8:20
1350990900,2012/10/23 19:15
1350996240,2012/10/23 20:44
1351000680,2012/10/23 21:58
1351006260,2012/10/23 23:31
1351015920,2012/10/24 2:12
1351020540,2012/10/24 3:29
1351024740,2012/10/24 4:39
1351029300,2012/10/24 5:55
1351031700,2012/10/24 6:35
1351032000,2012/10/24 6:40
1351084200,2012/10/24 21:10
1351095480,2012/10/25 0:18
1351100700,2012/10/25 1:45
1351105920,2012/10/25 3:12
1351113720,2012/10/25 5:22
1351194960,2012/10/26 3:56
1351285620,2012/10/27 5:07
1351378800,2012/10/28 7:00
1351434480,2012/10/28 22:28
1351445820,2012/10/29 1:37
1351457040,2012/10/29 4:44
1351522980,2012/10/29 23:03
1351527720,2012/10/30 0:22
1351553160,2012/10/30 7:26
1351618380,2012/10/31 1:33
1351628280,2012/10/31 4:18
1351717980,2012/11/1 5:13
1351720920,2012/11/1 6:02
1351724940,2012/11/1 7:09
1351726200,2012/11/1 7:30
1351727520,2012/11/1 7:52
1351774860,2012/11/1 21:01
1351779180,2012/11/1 22:13
1351784040,2012/11/1 23:34
1351811340,2012/11/2 7:09
1351862280,2012/11/2 21:18
1351864980,2012/11/2 22:03
1351865460,2012/11/2 22:11
1351872960,2012/11/3 0:16
1351878960,2012/11/3 1:56
1351884420,2012/11/3 3:27
1351889940,2012/11/3 4:59
1351893180,2012/11/3 5:53
1351896600,2012/11/3 6:50
1351945920,2012/11/3 20:32
1351953120,2012/11/3 22:32
1351956780,2012/11/3 23:33
1351965000,2012/11/4 1:50
1351972020,2012/11/4 3:47
1351977240,2012/11/4 5:14
1352037960,2012/11/4 22:06
1352051700,2012/11/5 1:55
1352064360,2012/11/5 5:26
1352068560,2012/11/5 6:36
1352072520,2012/11/5 7:42
1352121480,2012/11/5 21:18
1352147520,2012/11/6 4:32
1352155440,2012/11/6 6:44
1352162640,2012/11/6 8:44
1352197980,2012/11/6 18:33
1352200440,2012/11/6 19:14
1352207460,2012/11/6 21:11
1352212260,2012/11/6 22:31
1352222100,2012/11/7 1:15
1352227260,2012/11/7 2:41
1352232480,2012/11/7 4:08
1352241540,2012/11/7 6:39
1352310660,2012/11/8 1:51
1352318700,2012/11/8 4:05
1352836980,2012/11/14 4:03
1352909880,2012/11/15 0:18
1353010680,2012/11/16 4:18
1353087060,2012/11/17 1:31
1353166080,2012/11/17 23:28
1353342420,2012/11/20 0:27
1353419280,2012/11/20 21:48
1353429180,2012/11/21 0:33
1353433200,2012/11/21 1:40
1353440760,2012/11/21 3:46
1353591900,2012/11/22 21:45
1354288140,2012/11/30 23:09
1354553340,2012/12/4 0:49
1354887240,2012/12/7 21:34
1355156100,2012/12/11 0:15
1355160480,2012/12/11 1:28
1355251140,2012/12/12 2:39
1355257560,2012/12/12 4:26
1355324640,2012/12/12 23:04
1356373620,2012/12/25 2:27
1396871220,2014/4/7 19:47
1396888620,2014/4/8 0:37
1396973880,2014/4/9 0:18
1397069100,2014/4/10 2:45
1397156220,2014/4/11 2:57
1397222640,2014/4/11 21:24
1397495940,2014/4/15 1:19
1397666940,2014/4/17 0:49
1397691420,2014/4/17 7:37
1397750100,2014/4/17 23:55
1397759760,2014/4/18 2:36
1397762640,2014/4/18 3:24
1397999340,2014/4/20 21:09
1398367140,2014/4/25 3:19
1398694020,2014/4/28 22:07
1398700200,2014/4/28 23:50
1398709800,2014/4/29 2:30
1398789540,2014/4/30 0:39
1398864660,2014/4/30 21:31
1398946140,2014/5/1 20:09
1398958200,2014/5/1 23:30
1399474020,2014/5/7 22:47
1399656120,2014/5/10 1:22
1400071200,2014/5/14 20:40
1400263380,2014/5/17 2:03
1400508000,2014/5/19 22:00
1401104040,2014/5/26 19:34
1401307380,2014/5/29 4:03
1401808980,2014/6/3 23:23
1402088580,2014/6/7 5:03
1402855260,2014/6/16 2:01
1403004480,2014/6/17 19:28
1403717700,2014/6/26 1:35
1403790600,2014/6/26 21:50
1404160500,2014/7/1 4:35
1404234540,2014/7/2 1:09
1404328020,2014/7/3 3:07
1404470940,2014/7/4 18:49
1405023960,2014/7/11 4:26
1405521660,2014/7/16 22:41
1405619520,2014/7/18 1:52
1406032140,2014/7/22 20:29
1406146140,2014/7/24 4:09
1406464080,2014/7/27 20:28
1406825640,2014/8/1 0:54
1407159180,2014/8/4 21:33
1408729860,2014/8/23 1:51
1409142420,2014/8/27 20:27
1409572440,2014/9/1 19:54
1409750040,2014/9/3 21:14
1410019320,2014/9/7 0:02
1410184920,2014/9/8 22:02
1410364020,2014/9/10 23:47
1410441600,2014/9/11 21:20
1410613740,2014/9/13 21:09
1410621780,2014/9/13 23:23
1411076100,2014/9/19 5:35
1411126200,2014/9/19 19:30
1411398120,2014/9/22 23:02
1411482780,2014/9/23 22:33
1411666380,2014/9/26 1:33
1412349960,2014/10/3 23:26
1412429160,2014/10/4 21:26
1413465960,2014/10/16 21:26
1413722160,2014/10/19 20:36
1414240020,2014/10/25 20:27
1414935660,2014/11/2 21:41
1415111880,2014/11/4 22:38
1415118360,2014/11/5 0:26
1415710200,2014/11/11 20:50
1415906400,2014/11/14 3:20
1417092600,2014/11/27 20:50
1417966740,2014/12/7 23:39
1418754120,2014/12/17 2:22
1420475640,2015/1/6 0:34
1420568640,2015/1/7 2:24
1421703420,2015/1/20 5:37
1421781720,2015/1/21 3:22
1422297780,2015/1/27 2:43
1423919640,2015/2/14 21:14
1424895540,2015/2/26 4:19
1425753480,2015/3/8 2:38
1427135340,2015/3/24 2:29
1430502060,2015/5/2 1:41
1469656800,2016/7/28 6:00
1469656860,2016/7/28 6:01
1469659320,2016/7/28 6:42
1469659680,2016/7/28 6:48
1469659920,2016/7/28 6:52
1469660040,2016/7/28 6:54
1469660220,2016/7/28 6:57
1469660460,2016/7/28 7:01
1469803320,2016/7/29 22:42
1470403200,2016/8/5 21:20
1470588480,2016/8/8 0:48
1471262460,2016/8/15 20:01
1471267920,2016/8/15 21:32
1471268100,2016/8/15 21:35
1471270200,2016/8/15 22:10
1471273740,2016/8/15 23:09
1471274100,2016/8/15 23:15
1471274160,2016/8/15 23:16
1471274280,2016/8/15 23:18
1471274400,2016/8/15 23:20
1471274760,2016/8/15 23:26
1471275060,2016/8/15 23:31
1471277280,2016/8/16 0:08
1471282920,2016/8/16 1:42
1471958460,2016/8/23 21:21
1472486220,2016/8/29 23:57
1472735760,2016/9/1 21:16
1472735940,2016/9/1 21:19
1472736120,2016/9/1 21:22
1472736720,2016/9/1 21:32
1472736840,2016/9/1 21:34
1472737140,2016/9/1 21:39
1472737620,2016/9/1 21:47
1472762760,2016/9/2 4:46
1472763060,2016/9/2 4:51
1472763420,2016/9/2 4:57
1473168540,2016/9/6 21:29
1473772140,2016/9/13 21:09
1473794220,2016/9/14 3:17
1473858840,2016/9/14 21:14
1474943400,2016/9/27 10:30
1474984200,2016/9/27 21:50
1474989240,2016/9/27 23:14
1475525100,2016/10/4 4:05
1475619180,2016/10/5 6:13
1475949060,2016/10/9 1:51
1476379560,2016/10/14 1:26
1476380220,2016/10/14 1:37
1476380340,2016/10/14 1:39
1476380700,2016/10/14 1:45
1476387600,2016/10/14 3:40
1476452100,2016/10/14 21:35
1476815820,2016/10/19 2:37
1476976920,2016/10/20 23:22
1476977100,2016/10/20 23:25
1477070280,2016/10/22 1:18
1477072260,2016/10/22 1:51
1477402860,2016/10/25 21:41
1477403040,2016/10/25 21:44
1477403400,2016/10/25 21:50
1477403520,2016/10/25 21:52
1477404060,2016/10/25 22:01
1477404960,2016/10/25 22:16
1478041260,2016/11/2 7:01
1478204820,2016/11/4 4:27
1478204880,2016/11/4 4:28
1478204940,2016/11/4 4:29
1478269800,2016/11/4 22:30
1478269980,2016/11/4 22:33
1478270280,2016/11/4 22:38
1478270340,2016/11/4 22:39
1478270640,2016/11/4 22:44
1478271060,2016/11/4 22:51
1478272020,2016/11/4 23:07
1478384280,2016/11/6 6:18
1478461560,2016/11/7 3:46
1478473740,2016/11/7 7:09
1478530020,2016/11/7 22:47
1478534760,2016/11/8 0:06
1478535420,2016/11/8 0:17
1478535540,2016/11/8 0:19
1478535660,2016/11/8 0:21
1478535840,2016/11/8 0:24
1478536080,2016/11/8 0:28
1478538300,2016/11/8 1:05
1478551320,2016/11/8 4:42
1478561160,2016/11/8 7:26
1478561220,2016/11/8 7:27
1478561400,2016/11/8 7:30
1478561520,2016/11/8 7:32
1478561580,2016/11/8 7:33
1478561700,2016/11/8 7:35
1478611440,2016/11/8 21:24
1478622420,2016/11/9 0:27
1478629440,2016/11/9 2:24
1478634720,2016/11/9 3:52
1478644020,2016/11/9 6:27
1485952020,2017/2/1 20:27
1485957300,2017/2/1 21:55
1486065780,2017/2/3 4:03
1486335540,2017/2/6 6:59
1488986040,2017/3/8 23:14
1489350900,2017/3/13 4:35
1489351080,2017/3/13 4:38
1489749060,2017/3/17 19:11
1489749120,2017/3/17 19:12
1490286480,2017/3/24 0:28
1490704380,2017/3/28 20:33
1490879520,2017/3/30 21:12
1490892780,2017/3/31 0:53
1491561540,2017/4/7 18:39
1491568440,2017/4/7 20:34
1491582060,2017/4/8 0:21
1491582120,2017/4/8 0:22
1492186740,2017/4/15 0:19
1492261080,2017/4/15 20:58
1492519140,2017/4/18 20:39
1493926200,2017/5/5 3:30
1495029300,2017/5/17 21:55
1495708980,2017/5/25 18:43
1495905180,2017/5/28 1:13
1496083200,2017/5/30 2:40
1496259420,2017/6/1 3:37
1496317620,2017/6/1 19:47
1496317680,2017/6/1 19:48
1496317740,2017/6/1 19:49
1496317800,2017/6/1 19:50
1496317860,2017/6/1 19:51
1496318220,2017/6/1 19:57
1496339460,2017/6/2 1:51
1496525340,2017/6/4 5:29
1496833080,2017/6/7 18:58
1497288120,2017/6/13 1:22
1497452460,2017/6/14 23:01
1497561060,2017/6/16 5:11
1497979980,2017/6/21 1:33
1498247700,2017/6/24 3:55
1498247760,2017/6/24 3:56
1498247820,2017/6/24 3:57
1498489860,2017/6/26 23:11
1498493460,2017/6/27 0:11
1499183820,2017/7/4 23:57
1499789220,2017/7/12 0:07
1500286500,2017/7/17 18:15
1500321540,2017/7/18 3:59
1500321600,2017/7/18 4:00
1500321660,2017/7/18 4:01
1500321720,2017/7/18 4:02
1500504480,2017/7/20 6:48
1500507600,2017/7/20 7:40
1500918000,2017/7/25 1:40
1501070460,2017/7/26 20:01
1501084380,2017/7/26 23:53
1501248720,2017/7/28 21:32
1501252920,2017/7/28 22:42
1501526400,2017/8/1 2:40
1501847760,2017/8/4 19:56
1502557860,2017/8/13 1:11
1502567280,2017/8/13 3:48
1503004980,2017/8/18 5:23
1503849960,2017/8/28 0:06
1504803900,2017/9/8 1:05
1504999560,2017/9/10 7:26
1505128260,2017/9/11 19:11
1505408940,2017/9/15 1:09
1505728080,2017/9/18 17:48
1505728680,2017/9/18 17:58
1505819160,2017/9/19 19:06
1505905320,2017/9/20 19:02
1505988840,2017/9/21 18:14
1506104940,2017/9/23 2:29
1506373260,2017/9/26 5:01
1506525780,2017/9/27 23:23
1506613500,2017/9/28 23:45
1506697080,2017/9/29 22:58
1506947460,2017/10/2 20:31
1507041900,2017/10/3 22:45
1507076880,2017/10/4 8:28
1507158180,2017/10/5 7:03
1507907940,2017/10/13 23:19
1508195040,2017/10/17 7:04
1508241480,2017/10/17 19:58
1508966040,2017/10/26 5:14
1509494040,2017/11/1 7:54
1509531720,2017/11/1 18:22
1509531780,2017/11/1 18:23
1509921660,2017/11/6 6:41
1509995880,2017/11/7 3:18
1510105380,2017/11/8 9:43
1510105440,2017/11/8 9:44
1510105560,2017/11/8 9:46
1510105620,2017/11/8 9:47
1510183440,2017/11/9 7:24
1510445520,2017/11/12 8:12
1511622780,2017/11/25 23:13
1511977860,2017/11/30 1:51
1512084000,2017/12/1 7:20
1512585900,2017/12/7 2:45
1512589800,2017/12/7 3:50
1512946620,2017/12/11 6:57
1513017300,2017/12/12 2:35
1513127460,2017/12/13 9:11
1513181880,2017/12/14 0:18
1513287240,2017/12/15 5:34
1514126400,2017/12/24 22:40
1514817540,2018/1/1 22:39
1515763260,2018/1/12 21:21
1516658820,2018/1/23 6:07
1517362920,2018/1/31 9:42
1517795760,2018/2/5 9:56
1518178740,2018/2/9 20:19
1518212400,2018/2/10 5:40
1518603240,2018/2/14 18:14
1518693720,2018/2/15 19:22
1519392540,2018/2/23 21:29
1519665960,2018/2/27 1:26
1520424360,2018/3/7 20:06
1520523840,2018/3/8 23:44
1520888760,2018/3/13 5:06
1521028680,2018/3/14 19:58
1521219420,2018/3/17 0:57
1521748980,2018/3/23 4:03
1522196040,2018/3/28 8:14
1522696500,2018/4/3 3:15
1522950720,2018/4/6 1:52
1524009360,2018/4/18 7:56
1524159720,2018/4/20 1:42
1524223620,2018/4/20 19:27
1525803780,2018/5/9 2:23
1526130540,2018/5/12 21:09
1526390760,2018/5/15 21:26
1526400540,2018/5/16 0:09
1526502540,2018/5/17 4:29
1526645520,2018/5/18 20:12
1526902560,2018/5/21 19:36
1527003360,2018/5/22 23:36
1527277920,2018/5/26 3:52
1527426180,2018/5/27 21:03
1527510600,2018/5/28 20:30
1527703440,2018/5/31 2:04
1527793260,2018/6/1 3:01
1528315320,2018/6/7 4:02
1528473180,2018/6/8 23:53
1530023340,2018/6/26 22:29
1530092640,2018/6/27 17:44
1530191820,2018/6/28 21:17
1530191880,2018/6/28 21:18
1530267300,2018/6/29 18:15
1530872580,2018/7/6 18:23
1531767720,2018/7/17 3:02
1532775480,2018/7/28 18:58
1533376080,2018/8/4 17:48
1533638820,2018/8/7 18:47
1533646200,2018/8/7 20:50
1534082820,2018/8/12 22:07
1534358160,2018/8/16 2:36
1534438920,2018/8/17 1:02
1534527300,2018/8/18 1:35
1535201400,2018/8/25 20:50
1535543460,2018/8/29 19:51
1535756160,2018/9/1 6:56
1536239580,2018/9/6 21:13
1536594000,2018/9/10 23:40
1537523220,2018/9/21 17:47
1537713180,2018/9/23 22:33
1537917120,2018/9/26 7:12
1538500740,2018/10/3 1:19
1539090660,2018/10/9 21:11
1539388740,2018/10/13 7:59
1539897360,2018/10/19 5:16
1540397760,2018/10/25 0:16
1540985160,2018/10/31 19:26
1541242980,2018/11/3 19:03
1541276400,2018/11/4 4:20
1541497500,2018/11/6 17:45
1541497680,2018/11/6 17:48
1541516940,2018/11/6 23:09
1541532360,2018/11/7 3:26
1541787900,2018/11/10 2:25
1541954640,2018/11/12 0:44
1542073200,2018/11/13 9:40
1542228000,2018/11/15 4:40
1542394080,2018/11/17 2:48
1542895140,2018/11/22 21:59
1543692720,2018/12/2 3:32
1544182260,2018/12/7 19:31
1544819940,2018/12/15 4:39
1545349380,2018/12/21 7:43
1547254020,2019/1/12 8:47
1547685420,2019/1/17 8:37
1548085560,2019/1/21 23:46
1548971400,2019/2/1 5:50
1549110480,2019/2/2 20:28
1549386900,2019/2/6 1:15
1549417380,2019/2/6 9:43
1549586220,2019/2/8 8:37
1549738260,2019/2/10 2:51
1550159280,2019/2/14 23:48
1550236260,2019/2/15 21:11
1550865300,2019/2/23 3:55
1551195120,2019/2/26 23:32
1551388020,2019/3/1 5:07
1552082100,2019/3/9 5:55
1552342860,2019/3/12 6:21
1552519440,2019/3/14 7:24
1552656540,2019/3/15 21:29
1552756080,2019/3/17 1:08
1553441880,2019/3/24 23:38
1553634900,2019/3/27 5:15
1553788200,2019/3/28 23:50
1553864460,2019/3/29 21:01
1554406020,2019/4/5 3:27
1554556740,2019/4/6 21:19
1555175400,2019/4/14 1:10
1555354260,2019/4/16 2:51
1555607040,2019/4/19 1:04
1556177400,2019/4/25 15:30
1556179740,2019/4/25 16:09
1556194860,2019/4/25 20:21
1556202600,2019/4/25 22:30
1556216100,2019/4/26 2:15
1556223000,2019/4/26 4:10
1556279520,2019/4/26 19:52
1556297700,2019/4/27 0:55
1556311320,2019/4/27 4:42
1556368200,2019/4/27 20:30
1556401740,2019/4/28 5:49
1556454720,2019/4/28 20:32
1556466060,2019/4/28 23:41
1556540880,2019/4/29 20:28
1556545440,2019/4/29 21:44
1556564700,2019/4/30 3:05
1556609400,2019/4/30 15:30
1556629260,2019/4/30 21:01
1556652300,2019/5/1 3:25
1556653800,2019/5/1 3:50
1556654100,2019/5/1 3:55
1556724120,2019/5/1 23:22
1556743860,2019/5/2 4:51
1556802180,2019/5/2 21:03
1556807460,2019/5/2 22:31
1556832900,2019/5/3 5:35
1556883180,2019/5/3 19:33
1556906520,2019/5/4 2:02
1556986500,2019/5/5 0:15
1556997360,2019/5/5 3:16
1557002640,2019/5/5 4:44
1557069360,2019/5/5 23:16
1557074040,2019/5/6 0:34
1557089220,2019/5/6 4:47
1557093660,2019/5/6 6:01
1557165480,2019/5/7 1:58
1557169680,2019/5/7 3:08
1557173100,2019/5/7 4:05
1557243960,2019/5/7 23:46
1557268020,2019/5/8 6:27
1557331020,2019/5/8 23:57
1557339000,2019/5/9 2:10
1557407100,2019/5/9 21:05
1557417480,2019/5/9 23:58
1557430560,2019/5/10 3:36
1557503460,2019/5/10 23:51
1557510840,2019/5/11 1:54
1557515700,2019/5/11 3:15
1557604080,2019/5/12 3:48
1557662280,2019/5/12 19:58
1557675180,2019/5/12 23:33
1557682920,2019/5/13 1:42
1557755520,2019/5/13 21:52
1557866700,2019/5/15 4:45
1557921660,2019/5/15 20:01
1557937800,2019/5/16 0:30
1557942900,2019/5/16 1:55
1558032900,2019/5/17 2:55
1558039500,2019/5/17 4:45
1558111920,2019/5/18 0:52
1558122480,2019/5/18 3:48
1558127400,2019/5/18 5:10
1558192740,2019/5/18 23:19
1558192800,2019/5/18 23:20
1558193160,2019/5/18 23:26
1558193220,2019/5/18 23:27
1558193340,2019/5/18 23:29
1558193760,2019/5/18 23:36
1558193820,2019/5/18 23:37
1558194000,2019/5/18 23:40
1558194060,2019/5/18 23:41
1558194600,2019/5/18 23:50
1558194900,2019/5/18 23:55
1558195140,2019/5/18 23:59
1558195500,2019/5/19 0:05
1558195920,2019/5/19 0:12
1558196160,2019/5/19 0:16
1558199820,2019/5/19 1:17
1558200780,2019/5/19 1:33
1558215180,2019/5/19 5:33
1558445460,2019/5/21 21:31
1558461060,2019/5/22 1:51
1558467060,2019/5/22 3:31
1558473300,2019/5/22 5:15
1558558320,2019/5/23 4:52
1558562220,2019/5/23 5:57
1558632060,2019/5/24 1:21
1558641000,2019/5/24 3:50
1558719960,2019/5/25 1:46
1558786500,2019/5/25 20:15
1558807140,2019/5/26 1:59
1558886700,2019/5/27 0:05
1558899600,2019/5/27 3:40
1558956660,2019/5/27 19:31
1559057340,2019/5/28 23:29
1559070660,2019/5/29 3:11
1559080980,2019/5/29 6:03
1559081040,2019/5/29 6:04
1559149440,2019/5/30 1:04
1559235840,2019/5/31 1:04
1559243040,2019/5/31 3:04
1559250180,2019/5/31 5:03
1559251860,2019/5/31 5:31
1559311500,2019/5/31 22:05
1559331300,2019/6/1 3:35
1559346180,2019/6/1 7:43
1559434680,2019/6/2 8:18
1559478300,2019/6/2 20:25
1559575560,2019/6/3 23:26
1559653980,2019/6/4 21:13
1559654400,2019/6/4 21:20
1559654940,2019/6/4 21:29
1559655360,2019/6/4 21:36
1559655840,2019/6/4 21:44
1559656200,2019/6/4 21:50
1559665260,2019/6/5 0:21
1559667660,2019/6/5 1:01
1559678040,2019/6/5 3:54
1559752620,2019/6/6 0:37
1559766720,2019/6/6 4:32
1559827500,2019/6/6 21:25
1559859780,2019/6/7 6:23
1559936100,2019/6/8 3:35
1559942100,2019/6/8 5:15
1559996700,2019/6/8 20:25
1560007020,2019/6/8 23:17
1560009720,2019/6/9 0:02
1560030060,2019/6/9 5:41
1560032100,2019/6/9 6:15
1560035760,2019/6/9 7:16
1560095400,2019/6/9 23:50
1560168120,2019/6/10 20:02
1560181200,2019/6/10 23:40
1560197760,2019/6/11 4:16
1560266460,2019/6/11 23:21
1560266760,2019/6/11 23:26
1560266820,2019/6/11 23:27
1560266940,2019/6/11 23:29
1560267060,2019/6/11 23:31
1560268260,2019/6/11 23:51
1560269700,2019/6/12 0:15
1560274200,2019/6/12 1:30
1560286560,2019/6/12 4:56
1560292800,2019/6/12 6:40
1560355560,2019/6/13 0:06
1560358800,2019/6/13 1:00
1560362340,2019/6/13 1:59
1560369840,2019/6/13 4:04
1560429600,2019/6/13 20:40
1560435300,2019/6/13 22:15
1560470760,2019/6/14 8:06
1560497520,2019/6/14 15:32
1560514320,2019/6/14 20:12
1560519180,2019/6/14 21:33
1560603300,2019/6/15 20:55
1560613800,2019/6/15 23:50
1560691200,2019/6/16 21:20
1560712140,2019/6/17 3:09
1560788220,2019/6/18 0:17
1560792660,2019/6/18 1:31
1560796560,2019/6/18 2:36
1560807060,2019/6/18 5:31
1560874740,2019/6/19 0:19
1560879960,2019/6/19 1:46
1560881400,2019/6/19 2:10
1560897300,2019/6/19 6:35
1560899040,2019/6/19 7:04
1560972900,2019/6/20 3:35
1560976800,2019/6/20 4:40
1561033860,2019/6/20 20:31
1561061100,2019/6/21 4:05
1561128900,2019/6/21 22:55
1561208340,2019/6/22 20:59
1561233720,2019/6/23 4:02
1561244400,2019/6/23 7:00
1561302600,2019/6/23 23:10
1561382700,2019/6/24 21:25
1561396140,2019/6/25 1:09
1561466880,2019/6/25 20:48
1561488240,2019/6/26 2:44
1561496580,2019/6/26 5:03
1561556700,2019/6/26 21:45
1561566360,2019/6/27 0:26
1561584600,2019/6/27 5:30
1561643100,2019/6/27 21:45
1561645380,2019/6/27 22:23
1561652880,2019/6/28 0:28
1561662180,2019/6/28 3:03
1561671000,2019/6/28 5:30
1561671240,2019/6/28 5:34
1561671360,2019/6/28 5:36
1561671480,2019/6/28 5:38
1561671840,2019/6/28 5:44
1561672140,2019/6/28 5:49
1561672260,2019/6/28 5:51
1561672800,2019/6/28 6:00
1561672860,2019/6/28 6:01
1561673100,2019/6/28 6:05
1561673280,2019/6/28 6:08
1561674240,2019/6/28 6:24
1561675080,2019/6/28 6:38
1561675860,2019/6/28 6:51
1561676040,2019/6/28 6:54
1561676220,2019/6/28 6:57
1561676400,2019/6/28 7:00
1561677060,2019/6/28 7:11
1561677660,2019/6/28 7:21
1561677900,2019/6/28 7:25
1561678440,2019/6/28 7:34
1561678920,2019/6/28 7:42
1561679760,2019/6/28 7:56
1561680120,2019/6/28 8:02
1561680600,2019/6/28 8:10
1561680900,2019/6/28 8:15
1561681200,2019/6/28 8:20
1561681380,2019/6/28 8:23
1561681980,2019/6/28 8:33
1561682160,2019/6/28 8:36
1561683180,2019/6/28 8:53
1561683300,2019/6/28 8:55
1561683480,2019/6/28 8:58
1561707000,2019/6/28 15:30
1561743840,2019/6/29 1:44
1561815600,2019/6/29 21:40
1561844940,2019/6/30 5:49
1561852800,2019/6/30 8:00
1561905240,2019/6/30 22:34
1561909800,2019/6/30 23:50
1561925460,2019/7/1 4:11
1561985400,2019/7/1 20:50
1561999020,2019/7/2 0:37
1562007000,2019/7/2 2:50
1562075820,2019/7/2 21:57
1562084400,2019/7/3 0:20
1562097540,2019/7/3 3:59
1562100480,2019/7/3 4:48
1562111880,2019/7/3 7:58
1562156340,2019/7/3 20:19
1562181900,2019/7/4 3:25
1562206500,2019/7/4 10:15
1562238900,2019/7/4 19:15
1562252460,2019/7/4 23:01
1562259360,2019/7/5 0:56
1562266920,2019/7/5 3:02
1562272260,2019/7/5 4:31
1562284980,2019/7/5 8:03
1562337900,2019/7/5 22:45
1562344080,2019/7/6 0:28
1562352900,2019/7/6 2:55
1562368200,2019/7/6 7:10
1562430840,2019/7/7 0:34
1562439480,2019/7/7 2:58
1562454180,2019/7/7 7:03
1562455860,2019/7/7 7:31
1562513340,2019/7/7 23:29
1562528400,2019/7/8 3:40
1562536800,2019/7/8 6:00
1562602920,2019/7/9 0:22
1562609520,2019/7/9 2:12
1562691120,2019/7/10 0:52
1562693340,2019/7/10 1:29
1562704800,2019/7/10 4:40
1562713500,2019/7/10 7:05
1562763120,2019/7/10 20:52
1562775180,2019/7/11 0:13
1562791500,2019/7/11 4:45
1562794440,2019/7/11 5:34
1562806080,2019/7/11 8:48
1562855700,2019/7/11 22:35
1562868000,2019/7/12 2:00
1562883600,2019/7/12 6:20
1562957100,2019/7/13 2:45
1562962500,2019/7/13 4:15
1562964720,2019/7/13 4:52
1562975700,2019/7/13 7:55
1563028980,2019/7/13 22:43
1563036540,2019/7/14 0:49
1563038700,2019/7/14 1:25
1563042300,2019/7/14 2:25
1563051000,2019/7/14 4:50
1563056700,2019/7/14 6:25
1563139140,2019/7/15 5:19
1563175800,2019/7/15 15:30
1563191880,2019/7/15 19:58
1563192060,2019/7/15 20:01
1563192240,2019/7/15 20:04
1563192480,2019/7/15 20:08
1563192780,2019/7/15 20:13
1563193020,2019/7/15 20:17
1563193080,2019/7/15 20:18
1563212520,2019/7/16 1:42
1563292080,2019/7/16 23:48
1563294060,2019/7/17 0:21
1563297060,2019/7/17 1:11
1563301380,2019/7/17 2:23
1563310680,2019/7/17 4:58
1563369300,2019/7/17 21:15
1563381600,2019/7/18 0:40
1563384000,2019/7/18 1:20
1563392520,2019/7/18 3:42
1563396000,2019/7/18 4:40
1563403380,2019/7/18 6:43
1563452760,2019/7/18 20:26
1563472800,2019/7/19 2:00
1563475680,2019/7/19 2:48
1563543900,2019/7/19 21:45
1563558960,2019/7/20 1:56
1563578820,2019/7/20 7:27
1563617280,2019/7/20 18:08
1563622440,2019/7/20 19:34
1563634800,2019/7/20 23:00
1563636480,2019/7/20 23:28
1563655440,2019/7/21 4:44
1563659460,2019/7/21 5:51
1563660600,2019/7/21 6:10
1563697800,2019/7/21 16:30
1563711240,2019/7/21 20:14
1563717600,2019/7/21 22:00
1563731100,2019/7/22 1:45
1563741960,2019/7/22 4:46
1563807600,2019/7/22 23:00
1563809760,2019/7/22 23:36
1563821460,2019/7/23 2:51
1563867000,2019/7/23 15:30
1563895080,2019/7/23 23:18
1563896400,2019/7/23 23:40
1563909300,2019/7/24 3:15
1563911340,2019/7/24 3:49
1563912000,2019/7/24 4:00
1563973140,2019/7/24 20:59
1563987600,2019/7/25 1:00
1563989400,2019/7/25 1:30
1563990300,2019/7/25 1:45
1563994800,2019/7/25 3:00
1564007580,2019/7/25 6:33
1564062000,2019/7/25 21:40
1564069140,2019/7/25 23:39
1564069440,2019/7/25 23:44
1564080240,2019/7/26 2:44
1564140660,2019/7/26 19:31
1564160700,2019/7/27 1:05
1564161180,2019/7/27 1:13
1564169700,2019/7/27 3:35
1564180200,2019/7/27 6:30
1564223880,2019/7/27 18:38
1564239060,2019/7/27 22:51
1564245660,2019/7/28 0:41
1564313760,2019/7/28 19:36
1564318440,2019/7/28 20:54
1564325580,2019/7/28 22:53
1564336140,2019/7/29 1:49
1564366860,2019/7/29 10:21
1564406100,2019/7/29 21:15
1564417500,2019/7/30 0:25
1564425060,2019/7/30 2:31
1564430580,2019/7/30 4:03
1564506120,2019/7/31 1:02
1564511940,2019/7/31 2:39
1564515720,2019/7/31 3:42
1564592100,2019/8/1 0:55
1564602660,2019/8/1 3:51
1564607220,2019/8/1 5:07
1564608060,2019/8/1 5:21
1564608660,2019/8/1 5:31
1564608780,2019/8/1 5:33
1564610340,2019/8/1 5:59
1564610460,2019/8/1 6:01
1564610580,2019/8/1 6:03
1564610760,2019/8/1 6:06
1564611120,2019/8/1 6:12
1564611240,2019/8/1 6:14
1564611480,2019/8/1 6:18
1564611600,2019/8/1 6:20
1564611720,2019/8/1 6:22
1564612200,2019/8/1 6:30
1564612740,2019/8/1 6:39
1564612920,2019/8/1 6:42
1564613040,2019/8/1 6:44
1564613340,2019/8/1 6:49
1564613400,2019/8/1 6:50
1564614240,2019/8/1 7:04
1564614600,2019/8/1 7:10
1564614780,2019/8/1 7:13
1564615320,2019/8/1 7:22
1564615380,2019/8/1 7:23
1564615620,2019/8/1 7:27
1564616160,2019/8/1 7:36
1564616400,2019/8/1 7:40
1564616640,2019/8/1 7:44
1564616760,2019/8/1 7:46
1564617240,2019/8/1 7:54
1564618740,2019/8/1 8:19
1564618800,2019/8/1 8:20
1564618980,2019/8/1 8:23
1564623960,2019/8/1 9:46
1564626480,2019/8/1 10:28
1564673520,2019/8/1 23:32
1564677300,2019/8/2 0:35
1564686300,2019/8/2 3:05
1564688400,2019/8/2 3:40
1564692600,2019/8/2 4:50
1564699860,2019/8/2 6:51
1564754100,2019/8/2 21:55
1564757400,2019/8/2 22:50
1564841580,2019/8/3 22:13
1564858260,2019/8/4 2:51
1564929720,2019/8/4 22:42
1565032200,2019/8/6 3:10
1565054100,2019/8/6 9:15
1565108880,2019/8/7 0:28
1565115420,2019/8/7 2:17
1565124540,2019/8/7 4:49
1565124660,2019/8/7 4:51
1565134620,2019/8/7 7:37
1565180700,2019/8/7 20:25
1565194740,2019/8/8 0:19
1565198100,2019/8/8 1:15
1565198220,2019/8/8 1:17
1565198580,2019/8/8 1:23
1565198760,2019/8/8 1:26
1565199360,2019/8/8 1:36
1565199540,2019/8/8 1:39
1565199720,2019/8/8 1:42
1565200440,2019/8/8 1:54
1565200740,2019/8/8 1:59
1565200920,2019/8/8 2:02
1565201100,2019/8/8 2:05
1565203080,2019/8/8 2:38
1565207460,2019/8/8 3:51
1565216100,2019/8/8 6:15
1565221500,2019/8/8 7:45
1565292060,2019/8/9 3:21
1565296800,2019/8/9 4:40
1565309280,2019/8/9 8:08
1565355480,2019/8/9 20:58
1565359860,2019/8/9 22:11
1565383800,2019/8/10 4:50
1565389680,2019/8/10 6:28
1565396880,2019/8/10 8:28
1565447100,2019/8/10 22:25
1565453160,2019/8/11 0:06
1565463420,2019/8/11 2:57
1565555760,2019/8/12 4:36
1565563860,2019/8/12 6:51
1565606100,2019/8/12 18:35
1565634720,2019/8/13 2:32
1565644860,2019/8/13 5:21
1565647500,2019/8/13 6:05
1565709600,2019/8/13 23:20
1565726640,2019/8/14 4:04
1565820900,2019/8/15 6:15
1565865000,2019/8/15 18:30
1565886060,2019/8/16 0:21
1565902920,2019/8/16 5:02
1565909820,2019/8/16 6:57
1565964540,2019/8/16 22:09
1565971800,2019/8/17 0:10
1565985000,2019/8/17 3:50
1566049980,2019/8/17 21:53
1566056340,2019/8/17 23:39
1566064500,2019/8/18 1:55
1566146100,2019/8/19 0:35
1566160020,2019/8/19 4:27
1566248640,2019/8/20 5:04
1566251640,2019/8/20 5:54
1566304560,2019/8/20 20:36
1566341520,2019/8/21 6:52
1566348480,2019/8/21 8:48
1566417780,2019/8/22 4:03
1566429300,2019/8/22 7:15
1566429360,2019/8/22 7:16
1566476640,2019/8/22 20:24
1566482700,2019/8/22 22:05
1566484680,2019/8/22 22:38
1566496800,2019/8/23 2:00
1566506880,2019/8/23 4:48
1566513060,2019/8/23 6:31
1566571680,2019/8/23 22:48
1566581880,2019/8/24 1:38
1566590100,2019/8/24 3:55
1566596940,2019/8/24 5:49
1566602280,2019/8/24 7:18
1566603360,2019/8/24 7:36
1566605640,2019/8/24 8:14
1566657720,2019/8/24 22:42
1566658500,2019/8/24 22:55
1566664680,2019/8/25 0:38
1566669720,2019/8/25 2:02
1566676020,2019/8/25 3:47
1566678660,2019/8/25 4:31
1566685500,2019/8/25 6:25
1566687300,2019/8/25 6:55
1566748200,2019/8/25 23:50
1566754380,2019/8/26 1:33
1566756360,2019/8/26 2:06
1566760380,2019/8/26 3:13
1566764700,2019/8/26 4:25
1566829200,2019/8/26 22:20
1566851460,2019/8/27 4:31
1566857100,2019/8/27 6:05
1566898200,2019/8/27 17:30
1566912840,2019/8/27 21:34
1566926700,2019/8/28 1:25
1566945480,2019/8/28 6:38
1567011720,2019/8/29 1:02
1567015560,2019/8/29 2:06
1567023660,2019/8/29 4:21
1567024740,2019/8/29 4:39
1567025580,2019/8/29 4:53
1567031940,2019/8/29 6:39
1567040700,2019/8/29 9:05
1567083660,2019/8/29 21:01
1567084140,2019/8/29 21:09
1567095600,2019/8/30 0:20
1567100400,2019/8/30 1:40
1567116120,2019/8/30 6:02
1567116720,2019/8/30 6:12
1567118280,2019/8/30 6:38
1567177740,2019/8/30 23:09
1567252920,2019/8/31 20:02
1567257600,2019/8/31 21:20
1567263600,2019/8/31 23:00
1567270500,2019/9/1 0:55
1567278000,2019/9/1 3:00
1567355160,2019/9/2 0:26
1567357500,2019/9/2 1:05
1567361100,2019/9/2 2:05
1567370700,2019/9/2 4:45
1567428600,2019/9/2 20:50
1567440120,2019/9/3 0:02
1567447980,2019/9/3 2:13
1567451400,2019/9/3 3:10
1567458120,2019/9/3 5:02
1567464300,2019/9/3 6:45
1567470660,2019/9/3 8:31
1567518900,2019/9/3 21:55
1567544220,2019/9/4 4:57
1567608480,2019/9/4 22:48
1567620600,2019/9/5 2:10
1567632000,2019/9/5 5:20
1567632720,2019/9/5 5:32
1567632900,2019/9/5 5:35
1567633200,2019/9/5 5:40
1567633560,2019/9/5 5:46
1567633740,2019/9/5 5:49
1567633800,2019/9/5 5:50
1567634940,2019/9/5 6:09
1567635060,2019/9/5 6:11
1567635240,2019/9/5 6:14
1567635600,2019/9/5 6:20
1567635660,2019/9/5 6:21
1567644300,2019/9/5 8:45
1567703520,2019/9/6 1:12
1567707360,2019/9/6 2:16
1567710600,2019/9/6 3:10
1567717500,2019/9/6 5:05
1567773720,2019/9/6 20:42
1567776480,2019/9/6 21:28
1567792440,2019/9/7 1:54
1567801200,2019/9/7 4:20
1567807200,2019/9/7 6:00
1567816380,2019/9/7 8:33
1567858440,2019/9/7 20:14
1567865520,2019/9/7 22:12
1567873500,2019/9/8 0:25
1567884000,2019/9/8 3:20
1567885800,2019/9/8 3:50
1567954020,2019/9/8 22:47
1567968000,2019/9/9 2:40
1568034600,2019/9/9 21:10
1568047320,2019/9/10 0:42
1568072160,2019/9/10 7:36
1568116800,2019/9/10 20:00
1568124300,2019/9/10 22:05
1568137680,2019/9/11 1:48
1568142960,2019/9/11 3:16
1568147700,2019/9/11 4:35
1568148000,2019/9/11 4:40
1568151900,2019/9/11 5:45
1568152500,2019/9/11 5:55
1568242440,2019/9/12 6:54
1568244480,2019/9/12 7:28
1568292900,2019/9/12 20:55
1568317500,2019/9/13 3:45
1568322960,2019/9/13 5:16
1568323860,2019/9/13 5:31
1568325120,2019/9/13 5:52
1568325240,2019/9/13 5:54
1568325360,2019/9/13 5:56
1568325600,2019/9/13 6:00
1568326080,2019/9/13 6:08
1568326320,2019/9/13 6:12
1568326620,2019/9/13 6:17
1568327040,2019/9/13 6:24
1568327100,2019/9/13 6:25
1568327220,2019/9/13 6:27
1568328540,2019/9/13 6:49
1568329260,2019/9/13 7:01
1568329860,2019/9/13 7:11
1568330460,2019/9/13 7:21
1568331420,2019/9/13 7:37
1568331960,2019/9/13 7:46
1568332260,2019/9/13 7:51
1568332680,2019/9/13 7:58
1568332800,2019/9/13 8:00
1568333940,2019/9/13 8:19
1568334180,2019/9/13 8:23
1568334780,2019/9/13 8:33
1568384100,2019/9/13 22:15
1568388780,2019/9/13 23:33
1568396520,2019/9/14 1:42
1568467140,2019/9/14 21:19
1568478060,2019/9/15 0:21
1568478180,2019/9/15 0:23
1568482260,2019/9/15 1:31
1568486820,2019/9/15 2:47
1568486940,2019/9/15 2:49
1568487480,2019/9/15 2:58
1568490720,2019/9/15 3:52
1568495880,2019/9/15 5:18
1568550420,2019/9/15 20:27
1568557860,2019/9/15 22:31
1568570040,2019/9/16 1:54
1568574480,2019/9/16 3:08
1568574720,2019/9/16 3:12
1568585400,2019/9/16 6:10
1568657100,2019/9/17 2:05
1568669460,2019/9/17 5:31
1568672400,2019/9/17 6:20
1568680320,2019/9/17 8:32
1568735820,2019/9/17 23:57
1568741040,2019/9/18 1:24
1568748720,2019/9/18 3:32
1568755260,2019/9/18 5:21
1568757420,2019/9/18 5:57
1568808720,2019/9/18 20:12
1568818020,2019/9/18 22:47
1568818080,2019/9/18 22:48
1568893500,2019/9/19 19:45
1568908500,2019/9/19 23:55
1568911200,2019/9/20 0:40
1568920680,2019/9/20 3:18
1568929440,2019/9/20 5:44
1568987160,2019/9/20 21:46
1568988240,2019/9/20 22:04
1568992380,2019/9/20 23:13
1568992560,2019/9/20 23:16
1569009300,2019/9/21 3:55
1569012000,2019/9/21 4:40
1569021000,2019/9/21 7:10
1569026280,2019/9/21 8:38
1569063900,2019/9/21 19:05
1569073620,2019/9/21 21:47
1569079800,2019/9/21 23:30
1569080640,2019/9/21 23:44
1569082680,2019/9/22 0:18
1569085680,2019/9/22 1:08
1569161460,2019/9/22 22:11
1569171240,2019/9/23 0:54
1569175500,2019/9/23 2:05
1569181560,2019/9/23 3:46
1569185460,2019/9/23 4:51
1569190260,2019/9/23 6:11
1569191880,2019/9/23 6:38
1569204540,2019/9/23 10:09
1569242700,2019/9/23 20:45
1569257340,2019/9/24 0:49
1569269700,2019/9/24 4:15
1569275760,2019/9/24 5:56
1569278640,2019/9/24 6:44
1569332820,2019/9/24 21:47
1569337800,2019/9/24 23:10
1569347700,2019/9/25 1:55
1569354600,2019/9/25 3:50
1569360300,2019/9/25 5:25
1569363180,2019/9/25 6:13
1569440280,2019/9/26 3:38
1569446400,2019/9/26 5:20
1569449520,2019/9/26 6:12
1569455700,2019/9/26 7:55
1569498720,2019/9/26 19:52
1569513000,2019/9/26 23:50
1569522300,2019/9/27 2:25
1569533460,2019/9/27 5:31
1569536400,2019/9/27 6:20
1569540000,2019/9/27 7:20
1569590100,2019/9/27 21:15
1569594660,2019/9/27 22:31
1569616080,2019/9/28 4:28
1569622800,2019/9/28 6:20
1569625740,2019/9/28 7:09
1569679620,2019/9/28 22:07
1569691020,2019/9/29 1:17
1569706920,2019/9/29 5:42
1569756660,2019/9/29 19:31
1569790920,2019/9/30 5:02
1569792540,2019/9/30 5:29
1569795300,2019/9/30 6:15
1569848400,2019/9/30 21:00
1569860700,2019/10/1 0:25
1569871380,2019/10/1 3:23
1569955500,2019/10/2 2:45
1569958800,2019/10/2 3:40
1569962100,2019/10/2 4:35
1569974640,2019/10/2 8:04
1570021080,2019/10/2 20:58
1570037340,2019/10/3 1:29
1570042200,2019/10/3 2:50
1570043400,2019/10/3 3:10
1570049460,2019/10/3 4:51
1570052100,2019/10/3 5:35
1570115400,2019/10/3 23:10
1570123020,2019/10/4 1:17
1570130100,2019/10/4 3:15
1570137000,2019/10/4 5:10
1570139700,2019/10/4 5:55
1570195920,2019/10/4 21:32
1570210320,2019/10/5 1:32
1570215300,2019/10/5 2:55
1570280700,2019/10/5 21:05
1570290840,2019/10/5 23:54
1570296000,2019/10/6 1:20
1570300200,2019/10/6 2:30
1570315680,2019/10/6 6:48
1570315740,2019/10/6 6:49
1570315800,2019/10/6 6:50
1570315920,2019/10/6 6:52
1570316880,2019/10/6 7:08
1570378680,2019/10/7 0:18
1570382820,2019/10/7 1:27
1570390020,2019/10/7 3:27
1570461120,2019/10/7 23:12
1570467900,2019/10/8 1:05
1570475100,2019/10/8 3:05
1570478580,2019/10/8 4:03
1570484700,2019/10/8 5:45
1570544340,2019/10/8 22:19
1570550460,2019/10/9 0:01
1570558800,2019/10/9 2:20
1570568100,2019/10/9 4:55
1570571100,2019/10/9 5:45
1570636080,2019/10/9 23:48
1570638120,2019/10/10 0:22
1570641480,2019/10/10 1:18
1570643520,2019/10/10 1:52
1570646520,2019/10/10 2:42
1570647240,2019/10/10 2:54
1570654200,2019/10/10 4:50
1570661400,2019/10/10 6:50
1570717980,2019/10/10 22:33
1570720500,2019/10/10 23:15
1570726140,2019/10/11 0:49
1570740480,2019/10/11 4:48
1570741800,2019/10/11 5:10
1570742280,2019/10/11 5:18
1570745700,2019/10/11 6:15
1570749720,2019/10/11 7:22
1570756200,2019/10/11 9:10
1570756920,2019/10/11 9:22
1570803480,2019/10/11 22:18
1570806000,2019/10/11 23:00
1570811460,2019/10/12 0:31
1570814880,2019/10/12 1:28
1570824900,2019/10/12 4:15
1570887600,2019/10/12 21:40
1570894200,2019/10/12 23:30
1570902780,2019/10/13 1:53
1570912200,2019/10/13 4:30
1570915800,2019/10/13 5:30
1570978200,2019/10/13 22:50
1570986180,2019/10/14 1:03
1570991460,2019/10/14 2:31
1570997520,2019/10/14 4:12
1571007300,2019/10/14 6:55
1571064120,2019/10/14 22:42
1571070900,2019/10/15 0:35
1571075940,2019/10/15 1:59
1571089500,2019/10/15 5:45
1571156700,2019/10/16 0:25
1571162700,2019/10/16 2:05
1571171460,2019/10/16 4:31
1571173560,2019/10/16 5:06
1571175120,2019/10/16 5:32
1571175420,2019/10/16 5:37
1571176140,2019/10/16 5:49
1571176380,2019/10/16 5:53
1571177100,2019/10/16 6:05
1571177460,2019/10/16 6:11
1571178120,2019/10/16 6:22
1571178840,2019/10/16 6:34
1571179200,2019/10/16 6:40
1571179320,2019/10/16 6:42
1571179620,2019/10/16 6:47
1571180040,2019/10/16 6:54
1571181000,2019/10/16 7:10
1571183100,2019/10/16 7:45
1571183640,2019/10/16 7:54
1571184300,2019/10/16 8:05
1571185020,2019/10/16 8:17
1571186580,2019/10/16 8:43
1571187240,2019/10/16 8:54
1571189460,2019/10/16 9:31
1571193060,2019/10/16 10:31
1571193720,2019/10/16 10:42
1571238540,2019/10/16 23:09
1571243700,2019/10/17 0:35
1571248260,2019/10/17 1:51
1571251260,2019/10/17 2:41
1571255580,2019/10/17 3:53
1571258400,2019/10/17 4:40
1571262000,2019/10/17 5:40
1571268720,2019/10/17 7:32
1571310900,2019/10/17 19:15
1571326980,2019/10/17 23:43
1571340900,2019/10/18 3:35
1571342100,2019/10/18 3:55
1571343900,2019/10/18 4:25
1571353200,2019/10/18 7:00
1571409120,2019/10/18 22:32
1571413320,2019/10/18 23:42
1571424420,2019/10/19 2:47
1571427120,2019/10/19 3:32
1571429520,2019/10/19 4:12
1571498220,2019/10/19 23:17
1571503380,2019/10/20 0:43
1571516220,2019/10/20 4:17
1571521320,2019/10/20 5:42
1571585760,2019/10/20 23:36
1571598720,2019/10/21 3:12
1571605800,2019/10/21 5:10
1571608680,2019/10/21 5:58
1571755200,2019/10/22 22:40
1571759100,2019/10/22 23:45
1571768100,2019/10/23 2:15
1571788380,2019/10/23 7:53
1571826300,2019/10/23 18:25
1571831280,2019/10/23 19:48
1571836920,2019/10/23 21:22
1571840760,2019/10/23 22:26
1571849520,2019/10/24 0:52
1571849880,2019/10/24 0:58
1571853720,2019/10/24 2:02
1571854080,2019/10/24 2:08
1571864100,2019/10/24 4:55
1571866320,2019/10/24 5:32
1571934120,2019/10/25 0:22
1571947800,2019/10/25 4:10
1571950800,2019/10/25 5:00
1571952060,2019/10/25 5:21
1571958000,2019/10/25 7:00
1572018780,2019/10/25 23:53
1572020340,2019/10/26 0:19
1572026520,2019/10/26 2:02
1572031320,2019/10/26 3:22
1572038700,2019/10/26 5:25
1572041580,2019/10/26 6:13
1572098040,2019/10/26 21:54
1572107160,2019/10/27 0:26
1572110100,2019/10/27 1:15
1572114780,2019/10/27 2:33
1572119220,2019/10/27 3:47
1572176580,2019/10/27 19:43
1572180360,2019/10/27 20:46
1572189300,2019/10/27 23:15
1572195600,2019/10/28 1:00
1572196740,2019/10/28 1:19
1572213780,2019/10/28 6:03
1572217200,2019/10/28 7:00
1572272400,2019/10/28 22:20
1572278400,2019/10/29 0:00
1572297660,2019/10/29 5:21
1572299820,2019/10/29 5:57
1572348720,2019/10/29 19:32
1572360300,2019/10/29 22:45
1572371100,2019/10/30 1:45
1572375780,2019/10/30 3:03
1572377700,2019/10/30 3:35
1572380700,2019/10/30 4:25
1572386100,2019/10/30 5:55
1572435360,2019/10/30 19:36
1572439800,2019/10/30 20:50
1572456120,2019/10/31 1:22
1572468000,2019/10/31 4:40
1572521400,2019/10/31 19:30
1572546780,2019/11/1 2:33
1572554700,2019/11/1 4:45
1572558660,2019/11/1 5:51
1572561900,2019/11/1 6:45
1572563640,2019/11/1 7:14
1572611700,2019/11/1 20:35
1572617700,2019/11/1 22:15
1572621000,2019/11/1 23:10
1572631680,2019/11/2 2:08
1572637140,2019/11/2 3:39
1572641640,2019/11/2 4:54
1572643140,2019/11/2 5:19
1572644520,2019/11/2 5:42
1572649380,2019/11/2 7:03
1572651720,2019/11/2 7:42
1572654240,2019/11/2 8:24
1572695520,2019/11/2 19:52
1572706380,2019/11/2 22:53
1572712200,2019/11/3 0:30
1572734940,2019/11/3 6:49
1572739860,2019/11/3 8:11
1572790200,2019/11/3 22:10
1572801720,2019/11/4 1:22
1572809460,2019/11/4 3:31
1572812400,2019/11/4 4:20
1572819000,2019/11/4 6:10
1572870720,2019/11/4 20:32
1572901680,2019/11/5 5:08
1572906540,2019/11/5 6:29
1572954300,2019/11/5 19:45
1572966900,2019/11/5 23:15
1572971400,2019/11/6 0:30
1572980400,2019/11/6 3:00
1572984120,2019/11/6 4:02
1572994200,2019/11/6 6:50
1573003740,2019/11/6 9:29
1573042500,2019/11/6 20:15
1573058520,2019/11/7 0:42
1573064640,2019/11/7 2:24
1573079400,2019/11/7 6:30
1573081200,2019/11/7 7:00
1573141200,2019/11/7 23:40
1573147680,2019/11/8 1:28
1573151100,2019/11/8 2:25
1573157820,2019/11/8 4:17
1573163580,2019/11/8 5:53
1573169820,2019/11/8 7:37
1573171140,2019/11/8 7:59
1573225080,2019/11/8 22:58
1573239240,2019/11/9 2:54
1573245420,2019/11/9 4:37
1573259880,2019/11/9 8:38
1573309020,2019/11/9 22:17
1573315440,2019/11/10 0:04
1573324020,2019/11/10 2:27
1573332420,2019/11/10 4:47
1573337820,2019/11/10 6:17
1573397340,2019/11/10 22:49
1573407540,2019/11/11 1:39
1573411860,2019/11/11 2:51
1573416420,2019/11/11 4:07
1573421820,2019/11/11 5:37
1573480200,2019/11/11 21:50
1573485000,2019/11/11 23:10
1573494300,2019/11/12 1:45
1573498200,2019/11/12 2:50
1573509000,2019/11/12 5:50
1573510500,2019/11/12 6:15
1573513620,2019/11/12 7:07
1573514640,2019/11/12 7:24
1573519980,2019/11/12 8:53
1573523880,2019/11/12 9:58
1573524660,2019/11/12 10:11
1573573440,2019/11/12 23:44
1573578720,2019/11/13 1:12
1573585320,2019/11/13 3:02
1573589400,2019/11/13 4:10
1573596000,2019/11/13 6:00
1573599300,2019/11/13 6:55
1573658100,2019/11/13 23:15
1573663800,2019/11/14 0:50
1573671600,2019/11/14 3:00
1573674000,2019/11/14 3:40
1573681800,2019/11/14 5:50
1573685400,2019/11/14 6:50
1573688700,2019/11/14 7:45
1573734900,2019/11/14 20:35
1573751100,2019/11/15 1:05
1573757040,2019/11/15 2:44
1573768920,2019/11/15 6:02
1573770600,2019/11/15 6:30
1573778940,2019/11/15 8:49
1573779660,2019/11/15 9:01
1573828440,2019/11/15 22:34
1573834440,2019/11/16 0:14
1573851600,2019/11/16 5:00
1573854300,2019/11/16 5:45
1573915020,2019/11/16 22:37
1573921860,2019/11/17 0:31
1573939320,2019/11/17 5:22
1573941600,2019/11/17 6:00
1574006520,2019/11/18 0:02
1574012700,2019/11/18 1:45
1574025300,2019/11/18 5:15
1574031480,2019/11/18 6:58
1574091900,2019/11/18 23:45
1574105400,2019/11/19 3:30
1574122740,2019/11/19 8:19
1574175300,2019/11/19 22:55
1574180400,2019/11/20 0:20
1574199600,2019/11/20 5:40
1574202600,2019/11/20 6:30
1574257200,2019/11/20 21:40
1574261640,2019/11/20 22:54
1574283840,2019/11/21 5:04
1574289780,2019/11/21 6:43
1574290020,2019/11/21 6:47
1574290080,2019/11/21 6:48
1574290200,2019/11/21 6:50
1574290260,2019/11/21 6:51
1574290380,2019/11/21 6:53
1574291700,2019/11/21 7:15
1574291880,2019/11/21 7:18
1574292000,2019/11/21 7:20
1574293860,2019/11/21 7:51
1574293920,2019/11/21 7:52
1574294040,2019/11/21 7:54
1574294220,2019/11/21 7:57
1574294880,2019/11/21 8:08
1574295000,2019/11/21 8:10
1574295540,2019/11/21 8:19
1574296380,2019/11/21 8:33
1574296980,2019/11/21 8:43
1574297460,2019/11/21 8:51
1574298240,2019/11/21 9:04
1574298300,2019/11/21 9:05
1574298420,2019/11/21 9:07
1574298900,2019/11/21 9:15
1574298960,2019/11/21 9:16
1574299320,2019/11/21 9:22
1574301360,2019/11/21 9:56
1574301660,2019/11/21 10:01
1574304480,2019/11/21 10:48
1574305560,2019/11/21 11:06
1574305800,2019/11/21 11:10
1574355720,2019/11/22 1:02
1574360100,2019/11/22 2:15
1574364660,2019/11/22 3:31
1574369400,2019/11/22 4:50
1574378280,2019/11/22 7:18
1574430300,2019/11/22 21:45
1574436660,2019/11/22 23:31
1574442900,2019/11/23 1:15
1574452500,2019/11/23 3:55
1574514660,2019/11/23 21:11
1574521620,2019/11/23 23:07
1574543040,2019/11/24 5:04
1574547120,2019/11/24 6:12
1574549640,2019/11/24 6:54
1574552820,2019/11/24 7:47
1574616360,2019/11/25 1:26
1574620800,2019/11/25 2:40
1574690940,2019/11/25 22:09
1574706000,2019/11/26 2:20
1574712600,2019/11/26 4:10
1574715660,2019/11/26 5:01
1574718300,2019/11/26 5:45
1574721600,2019/11/26 6:40
1574727600,2019/11/26 8:20
1574783940,2019/11/26 23:59
1574797800,2019/11/27 3:50
1574802240,2019/11/27 5:04
1574808720,2019/11/27 6:52
1574813100,2019/11/27 8:05
1574863800,2019/11/27 22:10
1574870700,2019/11/28 0:05
1574886660,2019/11/28 4:31
1574894700,2019/11/28 6:45
1575032820,2019/11/29 21:07
1575037800,2019/11/29 22:30
1575040800,2019/11/29 23:20
1575045060,2019/11/30 0:31
1575049140,2019/11/30 1:39
1575124800,2019/11/30 22:40
1575128700,2019/11/30 23:45
1575133320,2019/12/1 1:02
1575138120,2019/12/1 2:22
1575148500,2019/12/1 5:15
1575220680,2019/12/2 1:18
1575227700,2019/12/2 3:15
1575237360,2019/12/2 5:56
1575239100,2019/12/2 6:25
1575303600,2019/12/3 0:20
1575304800,2019/12/3 0:40
1575311700,2019/12/3 2:35
1575313200,2019/12/3 3:00
1575316800,2019/12/3 4:00
1575324000,2019/12/3 6:00
1575329280,2019/12/3 7:28
1575329820,2019/12/3 7:37
1575398700,2019/12/4 2:45
1575406800,2019/12/4 5:00
1575414000,2019/12/4 7:00
1575418200,2019/12/4 8:10
1575477240,2019/12/5 0:34
1575481800,2019/12/5 1:50
1575500940,2019/12/5 7:09
1575568140,2019/12/6 1:49
1575576300,2019/12/6 4:05
1575579000,2019/12/6 4:50
1575590160,2019/12/6 7:56
1575636900,2019/12/6 20:55
1575649500,2019/12/7 0:25
1575653460,2019/12/7 1:31
1575661560,2019/12/7 3:46
1575664620,2019/12/7 4:37
1575666300,2019/12/7 5:05
1575726480,2019/12/7 21:48
1575737940,2019/12/8 0:59
1575739200,2019/12/8 1:20
1575744960,2019/12/8 2:56
1575753300,2019/12/8 5:15
1575810240,2019/12/8 21:04
1575826680,2019/12/9 1:38
1575839820,2019/12/9 5:17
1575842280,2019/12/9 5:58
1575845220,2019/12/9 6:47
1575896400,2019/12/9 21:00
1575904500,2019/12/9 23:15
1575910800,2019/12/10 1:00
1575918300,2019/12/10 3:05
1575924000,2019/12/10 4:40
1575989100,2019/12/10 22:45
1576000800,2019/12/11 2:00
1576011600,2019/12/11 5:00
1576015200,2019/12/11 6:00
1576021500,2019/12/11 7:45
1576080000,2019/12/12 0:00
1576081200,2019/12/12 0:20
1576094940,2019/12/12 4:09
1576095000,2019/12/12 4:10
1576100400,2019/12/12 5:40
1576102500,2019/12/12 6:15
1576105800,2019/12/12 7:10
1576109400,2019/12/12 8:10
1576154820,2019/12/12 20:47
1576159200,2019/12/12 22:00
1576168380,2019/12/13 0:33
1576175100,2019/12/13 2:25
1576179660,2019/12/13 3:41
1576243860,2019/12/13 21:31
1576256520,2019/12/14 1:02
1576263420,2019/12/14 2:57
1576330260,2019/12/14 21:31
1576338840,2019/12/14 23:54
1576345260,2019/12/15 1:41
1576355340,2019/12/15 4:29
1576432800,2019/12/16 2:00
1576436400,2019/12/16 3:00
1576439460,2019/12/16 3:51
1576443600,2019/12/16 5:00
1576456320,2019/12/16 8:32
1576513860,2019/12/17 0:31
1576518720,2019/12/17 1:52
1576532280,2019/12/17 5:38
1576541400,2019/12/17 8:10
1576587600,2019/12/17 21:00
1576611900,2019/12/18 3:45
1576616400,2019/12/18 5:00
1576622280,2019/12/18 6:38
1576681980,2019/12/18 23:13
1576698540,2019/12/19 3:49
1576706400,2019/12/19 6:00
1576707960,2019/12/19 6:26
1576784400,2019/12/20 3:40
1576793760,2019/12/20 6:16
1576794060,2019/12/20 6:21
1576794900,2019/12/20 6:35
1576795920,2019/12/20 6:52
1576796940,2019/12/20 7:09
1576797120,2019/12/20 7:12
1576797300,2019/12/20 7:15
1576797660,2019/12/20 7:21
1576797960,2019/12/20 7:26
1576798320,2019/12/20 7:32
1576798980,2019/12/20 7:43
1576802040,2019/12/20 8:34
1576802700,2019/12/20 8:45
1576803540,2019/12/20 8:59
1576804680,2019/12/20 9:18
1576808280,2019/12/20 10:18
1576809060,2019/12/20 10:31
1576809300,2019/12/20 10:35
1576859760,2019/12/21 0:36
1576936200,2019/12/21 21:50
1576949520,2019/12/22 1:32
1576970580,2019/12/22 7:23
1577033100,2019/12/23 0:45
1577050680,2019/12/23 5:38
1577109600,2019/12/23 22:00
1577126040,2019/12/24 2:34
1577141640,2019/12/24 6:54
1577215680,2019/12/25 3:28
1577282160,2019/12/25 21:56
1577374680,2019/12/26 23:38
1577478900,2019/12/28 4:35
1577538180,2019/12/28 21:03
1577623560,2019/12/29 20:46
1577717520,2019/12/30 22:52
1577735100,2019/12/31 3:45
1577820720,2020/1/1 3:32
1577894700,2020/1/2 0:05
1577914260,2020/1/2 5:31
1577921820,2020/1/2 7:37
1577972400,2020/1/2 21:40
1577978700,2020/1/2 23:25
1577982660,2020/1/3 0:31
1578003540,2020/1/3 6:19
1578009120,2020/1/3 7:52
1578016920,2020/1/3 10:02
1578059100,2020/1/3 21:45
1578079620,2020/1/4 3:27
1578090900,2020/1/4 6:35
1578150600,2020/1/4 23:10
1578185760,2020/1/5 8:56
1578255480,2020/1/6 4:18
1578320220,2020/1/6 22:17
1578330000,2020/1/7 1:00
1578425700,2020/1/8 3:35
1578427200,2020/1/8 4:00
1578521040,2020/1/9 6:04
1578524160,2020/1/9 6:56
1578590040,2020/1/10 1:14
1578613560,2020/1/10 7:46
1578660300,2020/1/10 20:45
1578672300,2020/1/11 0:05
1578681060,2020/1/11 2:31
1578697260,2020/1/11 7:01
1578756420,2020/1/11 23:27
1578762360,2020/1/12 1:06
1578781200,2020/1/12 6:20
1578843600,2020/1/12 23:40
1578844260,2020/1/12 23:51
1578853680,2020/1/13 2:28
1578861000,2020/1/13 4:30
1578873360,2020/1/13 7:56
1578951180,2020/1/14 5:33
1578962400,2020/1/14 8:40
1579003200,2020/1/14 20:00
1579041060,2020/1/15 6:31
1579043700,2020/1/15 7:15
1579045200,2020/1/15 7:40
1579045500,2020/1/15 7:45
1579045620,2020/1/15 7:47
1579045800,2020/1/15 7:50
1579045920,2020/1/15 7:52
1579046700,2020/1/15 8:05
1579047120,2020/1/15 8:12
1579048200,2020/1/15 8:30
1579048440,2020/1/15 8:34
1579049160,2020/1/15 8:46
1579049580,2020/1/15 8:53
1579050240,2020/1/15 9:04
1579050480,2020/1/15 9:08
1579052640,2020/1/15 9:44
1579052760,2020/1/15 9:46
1579058100,2020/1/15 11:15
1579098960,2020/1/15 22:36
1579104600,2020/1/16 0:10
1579111800,2020/1/16 2:10
1579125600,2020/1/16 6:00
1579187460,2020/1/16 23:11
1579194000,2020/1/17 1:00
1579210740,2020/1/17 5:39
1579212900,2020/1/17 6:15
1579215600,2020/1/17 7:00
1579260300,2020/1/17 19:25
1579278360,2020/1/18 0:26
1579287780,2020/1/18 3:03
1579292640,2020/1/18 4:24
1579297800,2020/1/18 5:50
1579355100,2020/1/18 21:45
1579361460,2020/1/18 23:31
1579368180,2020/1/19 1:23
1579445160,2020/1/19 22:46
1579474920,2020/1/20 7:02
1579521480,2020/1/20 19:58
1579541880,2020/1/21 1:38
1579552200,2020/1/21 4:30
1579570200,2020/1/21 9:30
1579571880,2020/1/21 9:58
1579635240,2020/1/22 3:34
1579640100,2020/1/22 4:55
1579646220,2020/1/22 6:37
1579648500,2020/1/22 7:15
1579698900,2020/1/22 21:15
1579718100,2020/1/23 2:35
1579721460,2020/1/23 3:31
1579731300,2020/1/23 6:15
1579735500,2020/1/23 7:25
1579740180,2020/1/23 8:43
1579800900,2020/1/24 1:35
1579812300,2020/1/24 4:45
1579871100,2020/1/24 21:05
1579880100,2020/1/24 23:35
1579901100,2020/1/25 5:25
1579967400,2020/1/25 23:50
1579974000,2020/1/26 1:40
1579981620,2020/1/26 3:47
1579986000,2020/1/26 5:00
1579988160,2020/1/26 5:36
1580057400,2020/1/27 0:50
1580138220,2020/1/27 23:17
1580147340,2020/1/28 1:49
1580151300,2020/1/28 2:55
1580158800,2020/1/28 5:00
1580175120,2020/1/28 9:32
1580224440,2020/1/28 23:14
1580231100,2020/1/29 1:05
1580250480,2020/1/29 6:28
1580256000,2020/1/29 8:00
1580307300,2020/1/29 22:15
1580317200,2020/1/30 1:00
1580324400,2020/1/30 3:00
1580329740,2020/1/30 4:29
1580338440,2020/1/30 6:54
1580346060,2020/1/30 9:01
1580394300,2020/1/30 22:25
1580400000,2020/1/31 0:00
1580409060,2020/1/31 2:31
1580423700,2020/1/31 6:35
1580426700,2020/1/31 7:25
1580483340,2020/1/31 23:09
1580489100,2020/2/1 0:45
1580495700,2020/2/1 2:35
1580501400,2020/2/1 4:10
1580505000,2020/2/1 5:10
1580511600,2020/2/1 7:00
1580564700,2020/2/1 21:45
1580571600,2020/2/1 23:40
1580577300,2020/2/2 1:15
1580580900,2020/2/2 2:15
1580585460,2020/2/2 3:31
1580590200,2020/2/2 4:50
1580604360,2020/2/2 8:46
1580651580,2020/2/2 21:53
1580657100,2020/2/2 23:25
1580662200,2020/2/3 0:50
1580667300,2020/2/3 2:15
1580672700,2020/2/3 3:45
1580679300,2020/2/3 5:35
1580683200,2020/2/3 6:40
1580723700,2020/2/3 17:55
1580727600,2020/2/3 19:00
1580736660,2020/2/3 21:31
1580742000,2020/2/3 23:00
1580749200,2020/2/4 1:00
1580754000,2020/2/4 2:20
1580757900,2020/2/4 3:25
1580760900,2020/2/4 4:15
1580764200,2020/2/4 5:10
1580781600,2020/2/4 10:00
1580783100,2020/2/4 10:25
1580785020,2020/2/4 10:57
1580825580,2020/2/4 22:13
1580849100,2020/2/5 4:45
1580863080,2020/2/5 8:38
1580910960,2020/2/5 21:56
1580925000,2020/2/6 1:50
1580937840,2020/2/6 5:24
1580940900,2020/2/6 6:15
1580947140,2020/2/6 7:59
1580951040,2020/2/6 9:04
1580954880,2020/2/6 10:08
1580998620,2020/2/6 22:17
1581005700,2020/2/7 0:15
1581012960,2020/2/7 2:16
1581017460,2020/2/7 3:31
1581025500,2020/2/7 5:45
1581031020,2020/2/7 7:17
1581085860,2020/2/7 22:31
1581092400,2020/2/8 0:20
1581107220,2020/2/8 4:27
1581112500,2020/2/8 5:55
1581115200,2020/2/8 6:40
1581115860,2020/2/8 6:51
1581116100,2020/2/8 6:55
1581116280,2020/2/8 6:58
1581117300,2020/2/8 7:15
1581117960,2020/2/8 7:26
1581118440,2020/2/8 7:34
1581118860,2020/2/8 7:41
1581119340,2020/2/8 7:49
1581123660,2020/2/8 9:01
1581124500,2020/2/8 9:15
1581127500,2020/2/8 10:05
1581172380,2020/2/8 22:33
1581183600,2020/2/9 1:40
1581194700,2020/2/9 4:45
1581260520,2020/2/9 23:02
1581268080,2020/2/10 1:08
1581277560,2020/2/10 3:46
1581287280,2020/2/10 6:28
1581288600,2020/2/10 6:50
1581361800,2020/2/11 3:10
1581370260,2020/2/11 5:31
1581372000,2020/2/11 6:00
1581379860,2020/2/11 8:11
1581413520,2020/2/11 17:32
1581426000,2020/2/11 21:00
1581437400,2020/2/12 0:10
1581448140,2020/2/12 3:09
1581449700,2020/2/12 3:35
1581465060,2020/2/12 7:51
1581469500,2020/2/12 9:05
1581470880,2020/2/12 9:28
1581508500,2020/2/12 19:55
1581518100,2020/2/12 22:35
1581525360,2020/2/13 0:36
1581529500,2020/2/13 1:45
1581539400,2020/2/13 4:30
1581545700,2020/2/13 6:15
1581547800,2020/2/13 6:50
1581550800,2020/2/13 7:40
1581613020,2020/2/14 0:57
1581615060,2020/2/14 1:31
1581625800,2020/2/14 4:30
1581630600,2020/2/14 5:50
1581633300,2020/2/14 6:35
1581702900,2020/2/15 1:55
1581707880,2020/2/15 3:18
1581717720,2020/2/15 6:02
1581774600,2020/2/15 21:50
1581781500,2020/2/15 23:45
1581792360,2020/2/16 2:46
1581796320,2020/2/16 3:52
1581800520,2020/2/16 5:02
1581803700,2020/2/16 5:55
1581860820,2020/2/16 21:47
1581867060,2020/2/16 23:31
1581885000,2020/2/17 4:30
1581890400,2020/2/17 6:00
1581942540,2020/2/17 20:29
1581951600,2020/2/17 23:00
1581967200,2020/2/18 3:20
1581974400,2020/2/18 5:20
1581977700,2020/2/18 6:15
1581981780,2020/2/18 7:23
1582025400,2020/2/18 19:30
1582035600,2020/2/18 22:20
1582043280,2020/2/19 0:28
1582050240,2020/2/19 2:24
1582062600,2020/2/19 5:50
1582066200,2020/2/19 6:50
1582115460,2020/2/19 20:31
1582130340,2020/2/20 0:39
1582140900,2020/2/20 3:35
1582146900,2020/2/20 5:15
1582155780,2020/2/20 7:43
1582156740,2020/2/20 7:59
1582156860,2020/2/20 8:01
1582159020,2020/2/20 8:37
1582159500,2020/2/20 8:45
1582161840,2020/2/20 9:24
1582162380,2020/2/20 9:33
1582167000,2020/2/20 10:50
1582168080,2020/2/20 11:08
1582215300,2020/2/21 0:15
1582224600,2020/2/21 2:50
1582228620,2020/2/21 3:57
1582231800,2020/2/21 4:50
1582235700,2020/2/21 5:55
1582237200,2020/2/21 6:20
1582237680,2020/2/21 6:28
1582244280,2020/2/21 8:18
1582248180,2020/2/21 9:23
1582297200,2020/2/21 23:00
1582301820,2020/2/22 0:17
1582303500,2020/2/22 0:45
1582306620,2020/2/22 1:37
1582309800,2020/2/22 2:30
1582317600,2020/2/22 4:40
1582318980,2020/2/22 5:03
1582321320,2020/2/22 5:42
1582324260,2020/2/22 6:31
1582330500,2020/2/22 8:15
1582372500,2020/2/22 19:55
1582381680,2020/2/22 22:28
1582384200,2020/2/22 23:10
1582389480,2020/2/23 0:38
1582410720,2020/2/23 6:32
1582413060,2020/2/23 7:11
1582414800,2020/2/23 7:40
1582416180,2020/2/23 8:03
1582418040,2020/2/23 8:34
1582466100,2020/2/23 21:55
1582473660,2020/2/24 0:01
1582477200,2020/2/24 1:00
1582482600,2020/2/24 2:30
1582493400,2020/2/24 5:30
1582497660,2020/2/24 6:41
1582551780,2020/2/24 21:43
1582569060,2020/2/25 2:31
1582578060,2020/2/25 5:01
1582581600,2020/2/25 6:00
1582584000,2020/2/25 6:40
1582586100,2020/2/25 7:15
1582632900,2020/2/25 20:15
1582651560,2020/2/26 1:26
1582663320,2020/2/26 4:42
1582667520,2020/2/26 5:52
1582670520,2020/2/26 6:42
1582670700,2020/2/26 6:45
1582671840,2020/2/26 7:04
1582672500,2020/2/26 7:15
1582673820,2020/2/26 7:37
1582675320,2020/2/26 8:02
1582675920,2020/2/26 8:12
1582677300,2020/2/26 8:35
1582678200,2020/2/26 8:50
1582680480,2020/2/26 9:28
1582681680,2020/2/26 9:48
1582720680,2020/2/26 20:38
1582726920,2020/2/26 22:22
1582730640,2020/2/26 23:24
1582747440,2020/2/27 4:04
1582759740,2020/2/27 7:29
1582761300,2020/2/27 7:55
1582762620,2020/2/27 8:17
1582765800,2020/2/27 9:10
1582769700,2020/2/27 10:15
1582806660,2020/2/27 20:31
1582812000,2020/2/27 22:00
1582826760,2020/2/28 2:06
1582832460,2020/2/28 3:41
1582833720,2020/2/28 4:02
1582841400,2020/2/28 6:10
1582843500,2020/2/28 6:45
1582846500,2020/2/28 7:35
1582893300,2020/2/28 20:35
1582898400,2020/2/28 22:00
1582905840,2020/2/29 0:04
1582912740,2020/2/29 1:59
1582915740,2020/2/29 2:49
1582922280,2020/2/29 4:38
1582927200,2020/2/29 6:00
1582929060,2020/2/29 6:31
1582976700,2020/2/29 19:45
1582983300,2020/2/29 21:35
1582986900,2020/2/29 22:35
1582991220,2020/2/29 23:47
1582996500,2020/3/1 1:15
1582999200,2020/3/1 2:00
1583006640,2020/3/1 4:04
1583018220,2020/3/1 7:17
1583021820,2020/3/1 8:17
1583022960,2020/3/1 8:36
1583025600,2020/3/1 9:20
1583062020,2020/3/1 19:27
1583072520,2020/3/1 22:22
1583085120,2020/3/2 1:52
1583098680,2020/3/2 5:38
1583102040,2020/3/2 6:34
1583103660,2020/3/2 7:01
1583105220,2020/3/2 7:27
1583107500,2020/3/2 8:05
1583109060,2020/3/2 8:31
1583152800,2020/3/2 20:40
1583159460,2020/3/2 22:31
1583167980,2020/3/3 0:53
1583169300,2020/3/3 1:15
1583178060,2020/3/3 3:41
1583183280,2020/3/3 5:08
1583189640,2020/3/3 6:54
1583192640,2020/3/3 7:44
1583193180,2020/3/3 7:53
1583195940,2020/3/3 8:39
1583196240,2020/3/3 8:44
1583200260,2020/3/3 9:51
1583200500,2020/3/3 9:55
1583201400,2020/3/3 10:10
1583232360,2020/3/3 18:46
1583241720,2020/3/3 21:22
1583244120,2020/3/3 22:02
1583247900,2020/3/3 23:05
1583255520,2020/3/4 1:12
1583260380,2020/3/4 2:33
1583262900,2020/3/4 3:15
1583279280,2020/3/4 7:48
1583284620,2020/3/4 9:17
1583285820,2020/3/4 9:37
1583286180,2020/3/4 9:43
1583289000,2020/3/4 10:30
1583290920,2020/3/4 11:02
1583295420,2020/3/4 12:17
1583324880,2020/3/4 20:28
1583328120,2020/3/4 21:22
1583346120,2020/3/5 2:22
1583349900,2020/3/5 3:25
1583353860,2020/3/5 4:31
1583355720,2020/3/5 5:02
1583360100,2020/3/5 6:15
1583362200,2020/3/5 6:50
1583407320,2020/3/5 19:22
1583419800,2020/3/5 22:50
1583419860,2020/3/5 22:51
1583427900,2020/3/6 1:05
1583440500,2020/3/6 4:35
1583445960,2020/3/6 6:06
1583447820,2020/3/6 6:37
1583449200,2020/3/6 7:00
1583451900,2020/3/6 7:45
1583499300,2020/3/6 20:55
1583506080,2020/3/6 22:48
1583516880,2020/3/7 1:48
1583521500,2020/3/7 3:05
1583529300,2020/3/7 5:15
1583588700,2020/3/7 21:45
1583597220,2020/3/8 0:07
1583602260,2020/3/8 1:31
1583614560,2020/3/8 4:56
1583618400,2020/3/8 6:00
1583659980,2020/3/8 17:33
1583692620,2020/3/9 2:37
1583700360,2020/3/9 4:46
1583767260,2020/3/9 23:21
1583770800,2020/3/10 0:20
1583773800,2020/3/10 1:10
1583781660,2020/3/10 3:21
1583788500,2020/3/10 5:15
1583838900,2020/3/10 19:15
1583842500,2020/3/10 20:15
1583847720,2020/3/10 21:42
1583853840,2020/3/10 23:24
1583862000,2020/3/11 1:40
1583885940,2020/3/11 8:19
1583887080,2020/3/11 8:38
1583889300,2020/3/11 9:15
1583891640,2020/3/11 9:54
1583925960,2020/3/11 19:26
1583931600,2020/3/11 21:00
1583946000,2020/3/12 1:00
1583948880,2020/3/12 1:48
1583956200,2020/3/12 3:50
1583962680,2020/3/12 5:38
1584014100,2020/3/12 19:55
1584016200,2020/3/12 20:30
1584025320,2020/3/12 23:02
1584030060,2020/3/13 0:21
1584031800,2020/3/13 0:50
1584038880,2020/3/13 2:48
1584044700,2020/3/13 4:25
1584048900,2020/3/13 5:35
1584052500,2020/3/13 6:35
1584100200,2020/3/13 19:50
1584113700,2020/3/13 23:35
1584196800,2020/3/14 22:40
1584203160,2020/3/15 0:26
1584216360,2020/3/15 4:06
1584274380,2020/3/15 20:13
1584288300,2020/3/16 0:05
1584293340,2020/3/16 1:29
1584303600,2020/3/16 4:20
1584307500,2020/3/16 5:25
1584308880,2020/3/16 5:48
1584309180,2020/3/16 5:53
1584309660,2020/3/16 6:01
1584310740,2020/3/16 6:19
1584310920,2020/3/16 6:22
1584311160,2020/3/16 6:26
1584311580,2020/3/16 6:33
1584311640,2020/3/16 6:34
1584312000,2020/3/16 6:40
1584312420,2020/3/16 6:47
1584313320,2020/3/16 7:02
1584313380,2020/3/16 7:03
1584313440,2020/3/16 7:04
1584313740,2020/3/16 7:09
1584314280,2020/3/16 7:18
1584315240,2020/3/16 7:34
1584315840,2020/3/16 7:44
1584324540,2020/3/16 10:09
1584359880,2020/3/16 19:58
1584374100,2020/3/16 23:55
1584377100,2020/3/17 0:45
1584382500,2020/3/17 2:15
1584386100,2020/3/17 3:15
1584392100,2020/3/17 4:55
1584448920,2020/3/17 20:42
1584450900,2020/3/17 21:15
1584462360,2020/3/18 0:26
1584466020,2020/3/18 1:27
1584486360,2020/3/18 7:06
1584531900,2020/3/18 19:45
1584551100,2020/3/19 1:05
1584555300,2020/3/19 2:15
1584562500,2020/3/19 4:15
1584569160,2020/3/19 6:06
1584571800,2020/3/19 6:50
1584619200,2020/3/19 20:00
1584624780,2020/3/19 21:33
1584626100,2020/3/19 21:55
1584629580,2020/3/19 22:53
1584657660,2020/3/20 6:41
1584703020,2020/3/20 19:17
1584738480,2020/3/21 5:08
1584744120,2020/3/21 6:42
1584795720,2020/3/21 21:02
1584800280,2020/3/21 22:18
1584802740,2020/3/21 22:59
1584820800,2020/3/22 4:00
1584887700,2020/3/22 22:35
1584897300,2020/3/23 1:15
1584904500,2020/3/23 3:15
1584910680,2020/3/23 4:58
1584918960,2020/3/23 7:16
1584981480,2020/3/24 0:38
1584983820,2020/3/24 1:17
1584996120,2020/3/24 4:42
1584999300,2020/3/24 5:35
1585005300,2020/3/24 7:15
1585061580,2020/3/24 22:53
1585066080,2020/3/25 0:08
1585071900,2020/3/25 1:45
1585076400,2020/3/25 3:00
1585083660,2020/3/25 5:01
1585086000,2020/3/25 5:40
1585146900,2020/3/25 22:35
1585154340,2020/3/26 0:39
1585166640,2020/3/26 4:04
1585175400,2020/3/26 6:30
1585229880,2020/3/26 21:38
1585252560,2020/3/27 3:56
1585258740,2020/3/27 5:39
1585261200,2020/3/27 6:20
1585307340,2020/3/27 19:09
1585321980,2020/3/27 23:13
1585331100,2020/3/28 1:45
1585400520,2020/3/28 21:02
1585420260,2020/3/29 2:31
1585426920,2020/3/29 4:22
1585500120,2020/3/30 0:42
1585509720,2020/3/30 3:22
1585517520,2020/3/30 5:32
1585527180,2020/3/30 8:13
1585563420,2020/3/30 18:17
1585579500,2020/3/30 22:45
1585591200,2020/3/31 2:00
1585601100,2020/3/31 4:45
1585603200,2020/3/31 5:20
1585652400,2020/3/31 19:00
1585658700,2020/3/31 20:45
1585665060,2020/3/31 22:31
1585672980,2020/4/1 0:43
1585679460,2020/4/1 2:31
1585700640,2020/4/1 8:24
1585740120,2020/4/1 19:22
1585748340,2020/4/1 21:39
1585757460,2020/4/2 0:11
1585767840,2020/4/2 3:04
1585773300,2020/4/2 4:35
1585775820,2020/4/2 5:17
1585835340,2020/4/2 21:49
1585849260,2020/4/3 1:41
1585853700,2020/4/3 2:55
1585864800,2020/4/3 6:00
1585915800,2020/4/3 20:10
1585924080,2020/4/3 22:28
1585926180,2020/4/3 23:03
1585938540,2020/4/4 2:29
1586013780,2020/4/4 23:23
1586020620,2020/4/5 1:17
1586035020,2020/4/5 5:17
1586095680,2020/4/5 22:08
1586102400,2020/4/6 0:00
1586116560,2020/4/6 3:56
1586118540,2020/4/6 4:29
1586120340,2020/4/6 4:59
1586178300,2020/4/6 21:05
1586189280,2020/4/7 0:08
1586204700,2020/4/7 4:25
1586208540,2020/4/7 5:29
1586248200,2020/4/7 16:30
1586283300,2020/4/8 2:15
1586290080,2020/4/8 4:08
1586295180,2020/4/8 5:33
1586348100,2020/4/8 20:15
1586353380,2020/4/8 21:43
1586353440,2020/4/8 21:44
1586365200,2020/4/9 1:00
1586372940,2020/4/9 3:09
1586376900,2020/4/9 4:15
1586381460,2020/4/9 5:31
1586433660,2020/4/9 20:01
1586437200,2020/4/9 21:00
1586455020,2020/4/10 1:57
1586466000,2020/4/10 5:00
1586469000,2020/4/10 5:50
1586517900,2020/4/10 19:25
1586524200,2020/4/10 21:10
1586529060,2020/4/10 22:31
1586535900,2020/4/11 0:25
1586548800,2020/4/11 4:00
1586606400,2020/4/11 20:00
1586612700,2020/4/11 21:45
1586626260,2020/4/12 1:31
1586633400,2020/4/12 3:30
1586697600,2020/4/12 21:20
1586705100,2020/4/12 23:25
1586714400,2020/4/13 2:00
1586725200,2020/4/13 5:00
1586779200,2020/4/13 20:00
1586787360,2020/4/13 22:16
1586792100,2020/4/13 23:35
1586794560,2020/4/14 0:16
1586811480,2020/4/14 4:58
1586864640,2020/4/14 19:44
1586890620,2020/4/15 2:57
1586895120,2020/4/15 4:12
1586897400,2020/4/15 4:50
1586962200,2020/4/15 22:50
1586968860,2020/4/16 0:41
1586981400,2020/4/16 4:10
1586988900,2020/4/16 6:15
1587037500,2020/4/16 19:45
1587047460,2020/4/16 22:31
1587067800,2020/4/17 4:10
1587074400,2020/4/17 6:00
1587123000,2020/4/17 19:30
1587132000,2020/4/17 22:00
1587137520,2020/4/17 23:32
1587153000,2020/4/18 3:50
1587211200,2020/4/18 20:00
1587223860,2020/4/18 23:31
1587226440,2020/4/19 0:14
1587229200,2020/4/19 1:00
1587299460,2020/4/19 20:31
1587306000,2020/4/19 22:20
1587313500,2020/4/20 0:25
1587320580,2020/4/20 2:23
1587333720,2020/4/20 6:02
1587382140,2020/4/20 19:29
1587393000,2020/4/20 22:30
1587400260,2020/4/21 0:31
1587405720,2020/4/21 2:02
1587408900,2020/4/21 2:55
1587415080,2020/4/21 4:38
1587418800,2020/4/21 5:40
1587429240,2020/4/21 8:34
1587472800,2020/4/21 20:40
1587485400,2020/4/22 0:10
1587504300,2020/4/22 5:25
1587506760,2020/4/22 6:06
1587552600,2020/4/22 18:50
1587556200,2020/4/22 19:50
1587565920,2020/4/22 22:32
1587572100,2020/4/23 0:15
1587580800,2020/4/23 2:40
1587584880,2020/4/23 3:48
1587585600,2020/4/23 4:00
1587587400,2020/4/23 4:30
1587591000,2020/4/23 5:30
1587593700,2020/4/23 6:15
1587662100,2020/4/24 1:15
1587673860,2020/4/24 4:31
1587679860,2020/4/24 6:11
1587729300,2020/4/24 19:55
1587736680,2020/4/24 21:58
1587742200,2020/4/24 23:30
1587752280,2020/4/25 2:18
1587763800,2020/4/25 5:30
1587767340,2020/4/25 6:29
1587813000,2020/4/25 19:10
1587832500,2020/4/26 0:35
1587839700,2020/4/26 2:35
1587844020,2020/4/26 3:47
1587846600,2020/4/26 4:30
1587849540,2020/4/26 5:19
1587849600,2020/4/26 5:20
1587849720,2020/4/26 5:22
1587849780,2020/4/26 5:23
1587849900,2020/4/26 5:25
1587905280,2020/4/26 20:48
1587913920,2020/4/26 23:12
1587921300,2020/4/27 1:15
1587931200,2020/4/27 4:00
1587989520,2020/4/27 20:12
1588023300,2020/4/28 5:35
1588084980,2020/4/28 22:43
1588091700,2020/4/29 0:35
1588097040,2020/4/29 2:04
1588101600,2020/4/29 3:20
1588109400,2020/4/29 5:30
1588112100,2020/4/29 6:15
1588158900,2020/4/29 19:15
1588167300,2020/4/29 21:35
1588173900,2020/4/29 23:25
1588179960,2020/4/30 1:06
1588193160,2020/4/30 4:46
1588195740,2020/4/30 5:29
1588198500,2020/4/30 6:15
1588247040,2020/4/30 19:44
1588252200,2020/4/30 21:10
1588270800,2020/5/1 2:20
1588276980,2020/5/1 4:03
1588285800,2020/5/1 6:30
1588328820,2020/5/1 18:27
1588337100,2020/5/1 20:45
1588347000,2020/5/1 23:30
1588364400,2020/5/2 4:20
1588368780,2020/5/2 5:33
1588431480,2020/5/2 22:58
1588435500,2020/5/3 0:05
1588446180,2020/5/3 3:03
1588453200,2020/5/3 5:00
1588515480,2020/5/3 22:18
1588523280,2020/5/4 0:28
1588527300,2020/5/4 1:35
1588536600,2020/5/4 4:10
1588541400,2020/5/4 5:30
1588592700,2020/5/4 19:45
1588605300,2020/5/4 23:15
1588627140,2020/5/5 5:19
1588631340,2020/5/5 6:29
1588692600,2020/5/5 23:30
1588779300,2020/5/6 23:35
1588790400,2020/5/7 2:40
1588794960,2020/5/7 3:56
1588800600,2020/5/7 5:30
1588851600,2020/5/7 19:40
1588858200,2020/5/7 21:30
1588885680,2020/5/8 5:08
1588895700,2020/5/8 7:55
1588940340,2020/5/8 20:19
1588943700,2020/5/8 21:15
1588951500,2020/5/8 23:25
1588960080,2020/5/9 1:48
1588962600,2020/5/9 2:30
1588968000,2020/5/9 4:00
1588973100,2020/5/9 5:25
1588985220,2020/5/9 8:47
1589026500,2020/5/9 20:15
1589033940,2020/5/9 22:19
1589042220,2020/5/10 0:37
1589052660,2020/5/10 3:31
1589062800,2020/5/10 6:20
1589115780,2020/5/10 21:03
1589127660,2020/5/11 0:21
1589133600,2020/5/11 2:00
1589141700,2020/5/11 4:15
1589150100,2020/5/11 6:35
1589208720,2020/5/11 22:52
1589213700,2020/5/12 0:15
1589220000,2020/5/12 2:00
1589226900,2020/5/12 3:55
1589230200,2020/5/12 4:50
1589236140,2020/5/12 6:29
1589270400,2020/5/12 16:00
1589297040,2020/5/12 23:24
1589378340,2020/5/13 21:59
1589412600,2020/5/14 7:30
1589415660,2020/5/14 8:21
1589464320,2020/5/14 21:52
1589486400,2020/5/15 4:00
1589493360,2020/5/15 5:56
1589495340,2020/5/15 6:29
1589543700,2020/5/15 19:55
1589556900,2020/5/15 23:35
1589563500,2020/5/16 1:25
1589568120,2020/5/16 2:42
1589569080,2020/5/16 2:58
1589575980,2020/5/16 4:53
1589579100,2020/5/16 5:45
1589632560,2020/5/16 20:36
1589640120,2020/5/16 22:42
1589645700,2020/5/17 0:15
1589661300,2020/5/17 4:35
1589715420,2020/5/17 19:37
1589720400,2020/5/17 21:00
1589733180,2020/5/18 0:33
1589742000,2020/5/18 3:00
1589746980,2020/5/18 4:23
1589751000,2020/5/18 5:30
1589802300,2020/5/18 19:45
1589817240,2020/5/18 23:54
1589837880,2020/5/19 5:38
1589841000,2020/5/19 6:30
1589896260,2020/5/19 21:51
1589921280,2020/5/20 4:48
1589924280,2020/5/20 5:38
1589932440,2020/5/20 7:54
1589975400,2020/5/20 19:50
1589984460,2020/5/20 22:21
1589992980,2020/5/21 0:43
1590010500,2020/5/21 5:35
1590015600,2020/5/21 7:00
1590087840,2020/5/22 3:04
1590097740,2020/5/22 5:49
1590101400,2020/5/22 6:50
1590146520,2020/5/22 19:22
1590165000,2020/5/23 0:30
1590173880,2020/5/23 2:58
1590180060,2020/5/23 4:41
1590234300,2020/5/23 19:45
1590242400,2020/5/23 22:00
1590250200,2020/5/24 0:10
1590263100,2020/5/24 3:45
1590273900,2020/5/24 6:45
1590276360,2020/5/24 7:26
1590320100,2020/5/24 19:35
1590330300,2020/5/24 22:25
1590343200,2020/5/25 2:00
1590349500,2020/5/25 3:45
1590355500,2020/5/25 5:25
1590424380,2020/5/26 0:33
1590431400,2020/5/26 2:30
1590442200,2020/5/26 5:30
1590494400,2020/5/26 20:00
1590503460,2020/5/26 22:31
1590512400,2020/5/27 1:00
1590525000,2020/5/27 4:30
1590529200,2020/5/27 5:40
1590534060,2020/5/27 7:01
1590538080,2020/5/27 8:08
1590581100,2020/5/27 20:05
1590598680,2020/5/28 0:58
1590609180,2020/5/28 3:53
1590614280,2020/5/28 5:18
1590616200,2020/5/28 5:50
1590667320,2020/5/28 20:02
1590690600,2020/5/29 2:30
1590696000,2020/5/29 4:00
1590706800,2020/5/29 7:00
1590752040,2020/5/29 19:34
1590764760,2020/5/29 23:06
1590780660,2020/5/30 3:31
1590786900,2020/5/30 5:15
1590789600,2020/5/30 6:00
1590860400,2020/5/31 1:40
1590865200,2020/5/31 3:00
1590872400,2020/5/31 5:00
