1409110171,2014/8/27 11:29
1409110177,2014/8/27 11:29
1409110184,2014/8/27 11:29
1409110186,2014/8/27 11:29
1409110222,2014/8/27 11:30
1409110282,2014/8/27 11:31
1409110310,2014/8/27 11:31
1409110325,2014/8/27 11:32
1409110359,2014/8/27 11:32
1409110363,2014/8/27 11:32
1409110364,2014/8/27 11:32
1409110369,2014/8/27 11:32
1409110403,2014/8/27 11:33
1409110406,2014/8/27 11:33
1409110437,2014/8/27 11:33
1409110440,2014/8/27 11:34
1409110460,2014/8/27 11:34
1409110477,2014/8/27 11:34
1409110493,2014/8/27 11:34
1409110508,2014/8/27 11:35
1409110512,2014/8/27 11:35
1409110524,2014/8/27 11:35
1409110548,2014/8/27 11:35
1409110584,2014/8/27 11:36
1409110608,2014/8/27 11:36
1409110628,2014/8/27 11:37
1409110643,2014/8/27 11:37
1409110679,2014/8/27 11:37
1409110692,2014/8/27 11:38
1409110698,2014/8/27 11:38
1409110735,2014/8/27 11:38
1409110743,2014/8/27 11:39
1409110771,2014/8/27 11:39
1409110776,2014/8/27 11:39
1409110851,2014/8/27 11:40
1409110877,2014/8/27 11:41
1409110897,2014/8/27 11:41
1409110910,2014/8/27 11:41
1409110928,2014/8/27 11:42
1409110935,2014/8/27 11:42
1409110945,2014/8/27 11:42
1409110951,2014/8/27 11:42
1409110987,2014/8/27 11:43
1409110990,2014/8/27 11:43
1409111002,2014/8/27 11:43
1409111016,2014/8/27 11:43
1409111025,2014/8/27 11:43
1409111028,2014/8/27 11:43
1409111036,2014/8/27 11:43
1409111083,2014/8/27 11:44
1409111095,2014/8/27 11:44
1409111132,2014/8/27 11:45
1409111133,2014/8/27 11:45
1409111151,2014/8/27 11:45
1409111196,2014/8/27 11:46
1409111209,2014/8/27 11:46
1409111215,2014/8/27 11:46
1409111230,2014/8/27 11:47
1409111253,2014/8/27 11:47
1409111276,2014/8/27 11:47
1409111337,2014/8/27 11:48
1409111391,2014/8/27 11:49
1409111427,2014/8/27 11:50
1409111428,2014/8/27 11:50
1409111446,2014/8/27 11:50
1409111467,2014/8/27 11:51
1409111494,2014/8/27 11:51
1409111527,2014/8/27 11:52
1409111561,2014/8/27 11:52
1409111564,2014/8/27 11:52
1409111585,2014/8/27 11:53
1409111605,2014/8/27 11:53
1409111667,2014/8/27 11:54
1409111777,2014/8/27 11:56
1409111789,2014/8/27 11:56
1409111850,2014/8/27 11:57
1409111853,2014/8/27 11:57
1409111874,2014/8/27 11:57
1409111971,2014/8/27 11:59
1409112002,2014/8/27 12:00
1409112110,2014/8/27 12:01
1409112160,2014/8/27 12:02
1409112172,2014/8/27 12:02
1409112210,2014/8/27 12:03
1409112313,2014/8/27 12:05
1409112337,2014/8/27 12:05
1409112428,2014/8/27 12:07
1409112643,2014/8/27 12:10
1409112660,2014/8/27 12:11
1409112667,2014/8/27 12:11
1409112767,2014/8/27 12:12
1409112810,2014/8/27 12:13
1409112853,2014/8/27 12:14
1409112911,2014/8/27 12:15
1409112919,2014/8/27 12:15
1409112930,2014/8/27 12:15
1409112981,2014/8/27 12:16
1409113021,2014/8/27 12:17
1409113082,2014/8/27 12:18
1409113084,2014/8/27 12:18
1409113094,2014/8/27 12:18
1409113118,2014/8/27 12:18
1409113192,2014/8/27 12:19
1409113210,2014/8/27 12:20
1409113375,2014/8/27 12:22
1409113428,2014/8/27 12:23
1409113439,2014/8/27 12:23
1409113509,2014/8/27 12:25
1409113692,2014/8/27 12:28
1409113696,2014/8/27 12:28
1409113765,2014/8/27 12:29
1409113862,2014/8/27 12:31
1409113863,2014/8/27 12:31
1409113874,2014/8/27 12:31
1409113888,2014/8/27 12:31
1409113894,2014/8/27 12:31
1409113901,2014/8/27 12:31
1409113903,2014/8/27 12:31
1409113944,2014/8/27 12:32
1409113979,2014/8/27 12:32
1409113980,2014/8/27 12:33
1409114003,2014/8/27 12:33
1409114016,2014/8/27 12:33
1409114036,2014/8/27 12:33
1409114051,2014/8/27 12:34
1409114053,2014/8/27 12:34
1409114075,2014/8/27 12:34
1409114088,2014/8/27 12:34
1409114091,2014/8/27 12:34
1409114097,2014/8/27 12:34
1409114123,2014/8/27 12:35
1409114163,2014/8/27 12:36
1409114178,2014/8/27 12:36
1409114213,2014/8/27 12:36
1409114229,2014/8/27 12:37
1409114246,2014/8/27 12:37
1409114251,2014/8/27 12:37
1409114270,2014/8/27 12:37
1409114291,2014/8/27 12:38
1409114298,2014/8/27 12:38
1409114305,2014/8/27 12:38
1409114354,2014/8/27 12:39
1409114358,2014/8/27 12:39
1409114361,2014/8/27 12:39
1409114388,2014/8/27 12:39
1409114397,2014/8/27 12:39
1409114403,2014/8/27 12:40
1409114406,2014/8/27 12:40
1409114436,2014/8/27 12:40
1409114453,2014/8/27 12:40
1409114464,2014/8/27 12:41
1409114480,2014/8/27 12:41
1409114519,2014/8/27 12:41
1409114544,2014/8/27 12:42
1409114572,2014/8/27 12:42
1409114608,2014/8/27 12:43
1409114620,2014/8/27 12:43
1409114633,2014/8/27 12:43
1409114691,2014/8/27 12:44
1409114744,2014/8/27 12:45
1409114763,2014/8/27 12:46
1409114845,2014/8/27 12:47
1409114886,2014/8/27 12:48
1409114909,2014/8/27 12:48
1409114917,2014/8/27 12:48
1409114919,2014/8/27 12:48
1409114920,2014/8/27 12:48
1409114931,2014/8/27 12:48
1409114961,2014/8/27 12:49
1409114967,2014/8/27 12:49
1409114970,2014/8/27 12:49
1409114979,2014/8/27 12:49
1409115036,2014/8/27 12:50
1409115057,2014/8/27 12:50
1409115085,2014/8/27 12:51
1409115096,2014/8/27 12:51
1409115102,2014/8/27 12:51
1409115110,2014/8/27 12:51
1409115111,2014/8/27 12:51
1409115115,2014/8/27 12:51
1409115128,2014/8/27 12:52
1409115166,2014/8/27 12:52
1409115169,2014/8/27 12:52
1409115180,2014/8/27 12:53
1409115185,2014/8/27 12:53
1409115193,2014/8/27 12:53
1409115195,2014/8/27 12:53
1409115220,2014/8/27 12:53
1409115251,2014/8/27 12:54
1409115270,2014/8/27 12:54
1409115287,2014/8/27 12:54
1409115301,2014/8/27 12:55
1409115338,2014/8/27 12:55
1409115373,2014/8/27 12:56
1409115416,2014/8/27 12:56
1409115458,2014/8/27 12:57
1409115472,2014/8/27 12:57
1409115490,2014/8/27 12:58
1409115522,2014/8/27 12:58
1409115638,2014/8/27 13:00
1409115734,2014/8/27 13:02
1409115785,2014/8/27 13:03
1409115858,2014/8/27 13:04
1409115885,2014/8/27 13:04
1409115945,2014/8/27 13:05
1409115960,2014/8/27 13:06
1409115972,2014/8/27 13:06
1409116044,2014/8/27 13:07
1409116060,2014/8/27 13:07
1409116062,2014/8/27 13:07
1409116066,2014/8/27 13:07
1409116097,2014/8/27 13:08
1409116164,2014/8/27 13:09
1409116177,2014/8/27 13:09
1409116179,2014/8/27 13:09
1409116351,2014/8/27 13:12
1409116363,2014/8/27 13:12
1409116493,2014/8/27 13:14
1409116519,2014/8/27 13:15
1409116525,2014/8/27 13:15
1409116698,2014/8/27 13:18
1409116724,2014/8/27 13:18
1409116780,2014/8/27 13:19
1409116860,2014/8/27 13:21
1409116962,2014/8/27 13:22
1409116969,2014/8/27 13:22
1409117018,2014/8/27 13:23
1409117074,2014/8/27 13:24
1409117097,2014/8/27 13:24
1409117195,2014/8/27 13:26
1409117214,2014/8/27 13:26
1409117238,2014/8/27 13:27
1409117385,2014/8/27 13:29
1409117397,2014/8/27 13:29
1409117463,2014/8/27 13:31
1409117495,2014/8/27 13:31
1409117551,2014/8/27 13:32
1409117568,2014/8/27 13:32
1409117612,2014/8/27 13:33
1409117643,2014/8/27 13:34
1409117723,2014/8/27 13:35
1409117740,2014/8/27 13:35
1409117838,2014/8/27 13:37
1409117867,2014/8/27 13:37
1409117897,2014/8/27 13:38
1409117940,2014/8/27 13:39
1409118058,2014/8/27 13:40
1409118158,2014/8/27 13:42
1409118245,2014/8/27 13:44
1409118287,2014/8/27 13:44
1409118363,2014/8/27 13:46
1409118425,2014/8/27 13:47
1409118447,2014/8/27 13:47
1409118481,2014/8/27 13:48
1409118555,2014/8/27 13:49
1409118572,2014/8/27 13:49
1409118725,2014/8/27 13:52
1409118777,2014/8/27 13:52
1409118801,2014/8/27 13:53
1409118824,2014/8/27 13:53
1409118831,2014/8/27 13:53
1409118840,2014/8/27 13:54
1409118864,2014/8/27 13:54
1409118916,2014/8/27 13:55
1409118922,2014/8/27 13:55
1409118938,2014/8/27 13:55
1409118987,2014/8/27 13:56
1409118995,2014/8/27 13:56
1409119164,2014/8/27 13:59
1409119175,2014/8/27 13:59
1409119285,2014/8/27 14:01
1409119295,2014/8/27 14:01
1409119314,2014/8/27 14:01
1409119396,2014/8/27 14:03
1409119434,2014/8/27 14:03
1409119439,2014/8/27 14:03
1409119586,2014/8/27 14:06
1409119815,2014/8/27 14:10
1409119847,2014/8/27 14:10
1409119853,2014/8/27 14:10
1409119906,2014/8/27 14:11
1409119912,2014/8/27 14:11
1409119915,2014/8/27 14:11
1409119982,2014/8/27 14:13
1409119996,2014/8/27 14:13
1409120004,2014/8/27 14:13
1409120092,2014/8/27 14:14
1409120113,2014/8/27 14:15
1409120121,2014/8/27 14:15
1409120157,2014/8/27 14:15
1409120160,2014/8/27 14:16
1409120300,2014/8/27 14:18
1409120321,2014/8/27 14:18
1409120324,2014/8/27 14:18
1409120348,2014/8/27 14:19
1409120352,2014/8/27 14:19
1409120408,2014/8/27 14:20
1409120443,2014/8/27 14:20
1409120497,2014/8/27 14:21
1409120502,2014/8/27 14:21
1409120520,2014/8/27 14:22
1409120556,2014/8/27 14:22
1409120563,2014/8/27 14:22
1409120631,2014/8/27 14:23
1409120633,2014/8/27 14:23
1409120655,2014/8/27 14:24
1409120741,2014/8/27 14:25
1409120754,2014/8/27 14:25
1409120792,2014/8/27 14:26
1409120840,2014/8/27 14:27
1409120847,2014/8/27 14:27
1409120848,2014/8/27 14:27
1409120871,2014/8/27 14:27
1409120908,2014/8/27 14:28
1409120921,2014/8/27 14:28
1409120923,2014/8/27 14:28
1409120929,2014/8/27 14:28
1409120931,2014/8/27 14:28
1409120959,2014/8/27 14:29
1409121033,2014/8/27 14:30
1409121066,2014/8/27 14:31
1409121088,2014/8/27 14:31
1409121104,2014/8/27 14:31
1409121142,2014/8/27 14:32
1409121166,2014/8/27 14:32
1409121224,2014/8/27 14:33
1409121287,2014/8/27 14:34
1409121453,2014/8/27 14:37
1409121455,2014/8/27 14:37
1409121466,2014/8/27 14:37
1409121486,2014/8/27 14:38
1409121493,2014/8/27 14:38
1409121506,2014/8/27 14:38
1409121529,2014/8/27 14:38
1409121534,2014/8/27 14:38
1409121547,2014/8/27 14:39
1409121560,2014/8/27 14:39
1409121669,2014/8/27 14:41
1409121676,2014/8/27 14:41
1409121869,2014/8/27 14:44
1409121912,2014/8/27 14:45
1409121945,2014/8/27 14:45
1409122030,2014/8/27 14:47
1409122048,2014/8/27 14:47
1409122148,2014/8/27 14:49
1409122170,2014/8/27 14:49
1409122289,2014/8/27 14:51
1409122364,2014/8/27 14:52
1409122373,2014/8/27 14:52
1409122391,2014/8/27 14:53
1409122463,2014/8/27 14:54
1409122496,2014/8/27 14:54
1409122666,2014/8/27 14:57
1409122681,2014/8/27 14:58
1409122799,2014/8/27 14:59
1409123036,2014/8/27 15:03
1409123081,2014/8/27 15:04
1409123100,2014/8/27 15:05
1409123121,2014/8/27 15:05
1409123398,2014/8/27 15:09
1409123490,2014/8/27 15:11
1409123613,2014/8/27 15:13
1409123690,2014/8/27 15:14
1409123729,2014/8/27 15:15
1409123742,2014/8/27 15:15
1409124053,2014/8/27 15:20
1409124119,2014/8/27 15:21
1409124140,2014/8/27 15:22
1409124146,2014/8/27 15:22
1409124163,2014/8/27 15:22
1409124165,2014/8/27 15:22
1409124170,2014/8/27 15:22
1409124172,2014/8/27 15:22
1409124186,2014/8/27 15:23
1409124187,2014/8/27 15:23
1409124199,2014/8/27 15:23
1409124210,2014/8/27 15:23
1409124213,2014/8/27 15:23
1409124231,2014/8/27 15:23
1409124234,2014/8/27 15:23
1409124262,2014/8/27 15:24
1409124267,2014/8/27 15:24
1409124268,2014/8/27 15:24
1409124287,2014/8/27 15:24
1409124289,2014/8/27 15:24
1409124295,2014/8/27 15:24
1409124296,2014/8/27 15:24
1409124303,2014/8/27 15:25
1409124309,2014/8/27 15:25
1409124316,2014/8/27 15:25
1409124341,2014/8/27 15:25
1409124347,2014/8/27 15:25
1409124365,2014/8/27 15:26
1409124397,2014/8/27 15:26
1409124400,2014/8/27 15:26
1409124417,2014/8/27 15:26
1409124445,2014/8/27 15:27
1409124451,2014/8/27 15:27
1409124458,2014/8/27 15:27
1409124459,2014/8/27 15:27
1409124514,2014/8/27 15:28
1409124530,2014/8/27 15:28
1409124543,2014/8/27 15:29
1409124547,2014/8/27 15:29
1409124563,2014/8/27 15:29
1409124651,2014/8/27 15:30
1409124670,2014/8/27 15:31
1409124678,2014/8/27 15:31
1409124680,2014/8/27 15:31
1409124691,2014/8/27 15:31
1409124698,2014/8/27 15:31
1409124700,2014/8/27 15:31
1409124729,2014/8/27 15:32
1409124739,2014/8/27 15:32
1409124763,2014/8/27 15:32
1409124863,2014/8/27 15:34
1409124871,2014/8/27 15:34
1409124872,2014/8/27 15:34
1409124921,2014/8/27 15:35
1409124937,2014/8/27 15:35
1409124950,2014/8/27 15:35
1409124973,2014/8/27 15:36
1409125001,2014/8/27 15:36
1409125087,2014/8/27 15:38
1409125107,2014/8/27 15:38
1409125111,2014/8/27 15:38
1409125112,2014/8/27 15:38
1409125117,2014/8/27 15:38
1409125171,2014/8/27 15:39
1409125203,2014/8/27 15:40
1409125397,2014/8/27 15:43
1409125407,2014/8/27 15:43
1409125410,2014/8/27 15:43
1409125425,2014/8/27 15:43
1409125456,2014/8/27 15:44
1409125460,2014/8/27 15:44
1409125572,2014/8/27 15:46
1409125599,2014/8/27 15:46
1409125646,2014/8/27 15:47
1409125653,2014/8/27 15:47
1409125826,2014/8/27 15:50
1409125896,2014/8/27 15:51
1409126019,2014/8/27 15:53
1409126039,2014/8/27 15:53
1409126085,2014/8/27 15:54
1409126107,2014/8/27 15:55
1409126108,2014/8/27 15:55
1409126197,2014/8/27 15:56
1409126303,2014/8/27 15:58
1409126381,2014/8/27 15:59
1409126387,2014/8/27 15:59
1409126416,2014/8/27 16:00
1409126499,2014/8/27 16:01
1409126512,2014/8/27 16:01
1409126536,2014/8/27 16:02
1409126600,2014/8/27 16:03
1409126641,2014/8/27 16:04
1409126806,2014/8/27 16:06
1409126852,2014/8/27 16:07
1409127010,2014/8/27 16:10
1409127096,2014/8/27 16:11
1409127211,2014/8/27 16:13
1409127220,2014/8/27 16:13
1409127222,2014/8/27 16:13
1409127244,2014/8/27 16:14
1409127283,2014/8/27 16:14
1409127326,2014/8/27 16:15
1409127333,2014/8/27 16:15
1409127400,2014/8/27 16:16
1409127411,2014/8/27 16:16
1409127425,2014/8/27 16:17
1409127461,2014/8/27 16:17
1409127524,2014/8/27 16:18
1409127545,2014/8/27 16:19
1409127565,2014/8/27 16:19
1409127636,2014/8/27 16:20
1409127640,2014/8/27 16:20
1409127671,2014/8/27 16:21
1409127684,2014/8/27 16:21
1409127714,2014/8/27 16:21
1409127715,2014/8/27 16:21
1409127730,2014/8/27 16:22
1409127737,2014/8/27 16:22
1409127794,2014/8/27 16:23
1409127926,2014/8/27 16:25
1409127963,2014/8/27 16:26
1409128024,2014/8/27 16:27
1409128067,2014/8/27 16:27
1409128090,2014/8/27 16:28
1409128100,2014/8/27 16:28
1409128145,2014/8/27 16:29
1409128163,2014/8/27 16:29
1409128276,2014/8/27 16:31
1409128351,2014/8/27 16:32
1409128458,2014/8/27 16:34
1409128502,2014/8/27 16:35
1409128617,2014/8/27 16:36
1409128740,2014/8/27 16:39
1409128741,2014/8/27 16:39
1409128835,2014/8/27 16:40
1409128920,2014/8/27 16:42
1409128975,2014/8/27 16:42
1409129268,2014/8/27 16:47
1409129634,2014/8/27 16:53
1409129704,2014/8/27 16:55
1409130015,2014/8/27 17:00
1409130182,2014/8/27 17:03
1409130269,2014/8/27 17:04
1409130498,2014/8/27 17:08
1409130563,2014/8/27 17:09
1409130656,2014/8/27 17:10
1409130721,2014/8/27 17:12
1409130876,2014/8/27 17:14
1409130925,2014/8/27 17:15
1409131145,2014/8/27 17:19
1409131349,2014/8/27 17:22
1409131924,2014/8/27 17:32
1409132031,2014/8/27 17:33
1409132032,2014/8/27 17:33
1409132261,2014/8/27 17:37
1409132398,2014/8/27 17:39
1409132504,2014/8/27 17:41
1409132569,2014/8/27 17:42
1409132777,2014/8/27 17:46
1409132865,2014/8/27 17:47
1409132934,2014/8/27 17:48
1409132961,2014/8/27 17:49
1409132970,2014/8/27 17:49
1409133151,2014/8/27 17:52
1409133410,2014/8/27 17:56
1409133639,2014/8/27 18:00
1409133752,2014/8/27 18:02
1409133762,2014/8/27 18:02
1409134375,2014/8/27 18:12
1409134418,2014/8/27 18:13
1409134499,2014/8/27 18:14
1409134612,2014/8/27 18:16
1409134698,2014/8/27 18:18
1409134925,2014/8/27 18:22
1409135372,2014/8/27 18:29
1409135983,2014/8/27 18:39
1409136060,2014/8/27 18:41
1409136186,2014/8/27 18:43
1409137006,2014/8/27 18:56
1409137184,2014/8/27 18:59
1409137552,2014/8/27 19:05
1409137711,2014/8/27 19:08
1409138001,2014/8/27 19:13
1409138007,2014/8/27 19:13
1409138175,2014/8/27 19:16
1409138227,2014/8/27 19:17
1409138742,2014/8/27 19:25
1409138845,2014/8/27 19:27
1409138915,2014/8/27 19:28
1409139266,2014/8/27 19:34
1409139296,2014/8/27 19:34
1409139524,2014/8/27 19:38
1409139688,2014/8/27 19:41
1409139936,2014/8/27 19:45
1409140752,2014/8/27 19:59
1409141586,2014/8/27 20:13
1409141872,2014/8/27 20:17
1409142813,2014/8/27 20:33
1409143734,2014/8/27 20:48
1409143940,2014/8/27 20:52
1409143951,2014/8/27 20:52
1409144002,2014/8/27 20:53
1409144148,2014/8/27 20:55
1409144741,2014/8/27 21:05
1409145309,2014/8/27 21:15
1409145451,2014/8/27 21:17
1409145691,2014/8/27 21:21
1409146524,2014/8/27 21:35
1409146763,2014/8/27 21:39
1409147131,2014/8/27 21:45
1409147669,2014/8/27 21:54
1409147672,2014/8/27 21:54
1409147728,2014/8/27 21:55
1409148036,2014/8/27 22:00
1409148283,2014/8/27 22:04
1409148287,2014/8/27 22:04
1409148374,2014/8/27 22:06
1409148454,2014/8/27 22:07
1409148676,2014/8/27 22:11
1409148775,2014/8/27 22:12
1409148835,2014/8/27 22:13
1409148863,2014/8/27 22:14
1409148886,2014/8/27 22:14
1409149308,2014/8/27 22:21
1409149563,2014/8/27 22:26
1409149956,2014/8/27 22:32
1409150140,2014/8/27 22:35
1409150194,2014/8/27 22:36
1409151313,2014/8/27 22:55
1409151563,2014/8/27 22:59
1409152186,2014/8/27 23:09
1409152216,2014/8/27 23:10
1409152223,2014/8/27 23:10
1409152498,2014/8/27 23:14
1409153452,2014/8/27 23:30
1409154848,2014/8/27 23:54
1409154993,2014/8/27 23:56
1409155036,2014/8/27 23:57
1409155199,2014/8/27 23:59
1409155356,2014/8/28 0:02
1409155534,2014/8/28 0:05
1409156244,2014/8/28 0:17
1409157820,2014/8/28 0:43
1409158075,2014/8/28 0:47
1409159085,2014/8/28 1:04
1409159651,2014/8/28 1:14
1409159974,2014/8/28 1:19
1409160612,2014/8/28 1:30
1409161133,2014/8/28 1:38
1409161277,2014/8/28 1:41
1409162203,2014/8/28 1:56
1409163308,2014/8/28 2:15
1409163462,2014/8/28 2:17
1409163569,2014/8/28 2:19
1409164200,2014/8/28 2:30
1409164331,2014/8/28 2:32
1409164907,2014/8/28 2:41
1409165216,2014/8/28 2:46
1409165374,2014/8/28 2:49
1409165565,2014/8/28 2:52
1409165684,2014/8/28 2:54
1409166352,2014/8/28 3:05
1409166374,2014/8/28 3:06
1409166790,2014/8/28 3:13
1409166800,2014/8/28 3:13
1409166901,2014/8/28 3:15
1409167013,2014/8/28 3:16
1409167759,2014/8/28 3:29
1409168170,2014/8/28 3:36
1409168578,2014/8/28 3:42
1409168850,2014/8/28 3:47
1409168996,2014/8/28 3:49
1409169125,2014/8/28 3:52
1409169630,2014/8/28 4:00
1409169767,2014/8/28 4:02
1409170054,2014/8/28 4:07
1409170154,2014/8/28 4:09
1409170287,2014/8/28 4:11
1409170590,2014/8/28 4:16
1409170981,2014/8/28 4:23
1409171043,2014/8/28 4:24
1409171408,2014/8/28 4:30
1409171672,2014/8/28 4:34
1409171874,2014/8/28 4:37
1409172832,2014/8/28 4:53
1409173532,2014/8/28 5:05
1409173935,2014/8/28 5:12
1409174068,2014/8/28 5:14
1409176925,2014/8/28 6:02
1409177118,2014/8/28 6:05
1409177425,2014/8/28 6:10
1409177466,2014/8/28 6:11
1409178479,2014/8/28 6:27
1409178618,2014/8/28 6:30
1409180490,2014/8/28 7:01
1409180580,2014/8/28 7:03
1409180583,2014/8/28 7:03
1409181123,2014/8/28 7:12
1409184040,2014/8/28 8:00
1409184403,2014/8/28 8:06
1409185086,2014/8/28 8:18
1409185391,2014/8/28 8:23
1409186389,2014/8/28 8:39
1409186455,2014/8/28 8:40
1409186603,2014/8/28 8:43
1409186637,2014/8/28 8:43
1409186638,2014/8/28 8:43
1409187736,2014/8/28 9:02
1409188170,2014/8/28 9:09
1409188581,2014/8/28 9:16
1409188693,2014/8/28 9:18
1409190042,2014/8/28 9:40
1409190822,2014/8/28 9:53
1409190837,2014/8/28 9:53
1409190861,2014/8/28 9:54
1409190878,2014/8/28 9:54
1409190887,2014/8/28 9:54
1409190891,2014/8/28 9:54
1409190914,2014/8/28 9:55
1409190963,2014/8/28 9:56
1409190964,2014/8/28 9:56
1409190970,2014/8/28 9:56
1409190981,2014/8/28 9:56
1409190990,2014/8/28 9:56
1409191022,2014/8/28 9:57
1409191030,2014/8/28 9:57
1409191045,2014/8/28 9:57
1409191088,2014/8/28 9:58
1409191179,2014/8/28 9:59
1409191248,2014/8/28 10:00
1409191275,2014/8/28 10:01
1409191291,2014/8/28 10:01
1409191329,2014/8/28 10:02
1409191343,2014/8/28 10:02
1409191365,2014/8/28 10:02
1409191474,2014/8/28 10:04
1409191481,2014/8/28 10:04
1409191543,2014/8/28 10:05
1409191657,2014/8/28 10:07
1409191673,2014/8/28 10:07
1409191699,2014/8/28 10:08
1409191714,2014/8/28 10:08
1409191829,2014/8/28 10:10
1409191912,2014/8/28 10:11
1409192024,2014/8/28 10:13
1409192152,2014/8/28 10:15
1409192215,2014/8/28 10:16
1409192239,2014/8/28 10:17
1409192314,2014/8/28 10:18
1409192326,2014/8/28 10:18
1409192437,2014/8/28 10:20
1409192526,2014/8/28 10:22
1409192659,2014/8/28 10:24
1409192739,2014/8/28 10:25
1409192987,2014/8/28 10:29
1409193004,2014/8/28 10:30
1409193044,2014/8/28 10:30
1409193241,2014/8/28 10:34
1409193355,2014/8/28 10:35
1409193729,2014/8/28 10:42
1409193921,2014/8/28 10:45
1409194032,2014/8/28 10:47
1409194268,2014/8/28 10:51
1409194353,2014/8/28 10:52
1409194471,2014/8/28 10:54
1409194643,2014/8/28 10:57
1409194961,2014/8/28 11:02
1409195040,2014/8/28 11:04
1409195057,2014/8/28 11:04
1409195243,2014/8/28 11:07
1409195343,2014/8/28 11:09
1409195453,2014/8/28 11:10
1409195661,2014/8/28 11:14
1409195742,2014/8/28 11:15
1409195975,2014/8/28 11:19
1409196014,2014/8/28 11:20
1409196077,2014/8/28 11:21
1409196108,2014/8/28 11:21
1409196124,2014/8/28 11:22
1409196375,2014/8/28 11:26
1409196476,2014/8/28 11:27
1409196560,2014/8/28 11:29
1409196757,2014/8/28 11:32
1409196876,2014/8/28 11:34
1409197008,2014/8/28 11:36
1409197110,2014/8/28 11:38
1409197211,2014/8/28 11:40
1409197483,2014/8/28 11:44
1409197655,2014/8/28 11:47
1409197692,2014/8/28 11:48
1409197806,2014/8/28 11:50
1409197828,2014/8/28 11:50
1409198063,2014/8/28 11:54
1409198301,2014/8/28 11:58
1409198363,2014/8/28 11:59
1409198579,2014/8/28 12:02
1409198741,2014/8/28 12:05
1409198815,2014/8/28 12:06
1409198848,2014/8/28 12:07
1409198910,2014/8/28 12:08
1409198958,2014/8/28 12:09
1409199008,2014/8/28 12:10
1409199042,2014/8/28 12:10
1409199169,2014/8/28 12:12
1409199308,2014/8/28 12:15
1409199574,2014/8/28 12:19
1409199582,2014/8/28 12:19
1409199734,2014/8/28 12:22
1409199817,2014/8/28 12:23
1409200220,2014/8/28 12:30
1409200846,2014/8/28 12:40
1409200932,2014/8/28 12:42
1409200950,2014/8/28 12:42
1409201095,2014/8/28 12:44
1409201601,2014/8/28 12:53
1409202086,2014/8/28 13:01
1409202270,2014/8/28 13:04
1409202516,2014/8/28 13:08
1409202665,2014/8/28 13:11
1409203060,2014/8/28 13:17
1409203577,2014/8/28 13:26
1409203957,2014/8/28 13:32
1409204097,2014/8/28 13:34
1409204125,2014/8/28 13:35
1409204352,2014/8/28 13:39
1409204380,2014/8/28 13:39
1409204408,2014/8/28 13:40
1409204511,2014/8/28 13:41
1409204857,2014/8/28 13:47
1409204877,2014/8/28 13:47
1409204910,2014/8/28 13:48
1409205287,2014/8/28 13:54
1409205421,2014/8/28 13:57
1409205602,2014/8/28 14:00
1409205716,2014/8/28 14:01
1409205727,2014/8/28 14:02
1409205894,2014/8/28 14:04
1409206378,2014/8/28 14:12
1409206502,2014/8/28 14:15
1409207460,2014/8/28 14:31
1409207930,2014/8/28 14:38
1409208107,2014/8/28 14:41
1409208368,2014/8/28 14:46
1409208706,2014/8/28 14:51
1409208766,2014/8/28 14:52
1409208782,2014/8/28 14:53
1409208812,2014/8/28 14:53
1409209030,2014/8/28 14:57
1409209306,2014/8/28 15:01
1409210739,2014/8/28 15:25
1409211123,2014/8/28 15:32
1409211424,2014/8/28 15:37
1409211632,2014/8/28 15:40
1409211817,2014/8/28 15:43
1409212092,2014/8/28 15:48
1409212212,2014/8/28 15:50
1409212244,2014/8/28 15:50
1409212475,2014/8/28 15:54
1409212607,2014/8/28 15:56
1409213375,2014/8/28 16:09
1409213829,2014/8/28 16:17
1409214660,2014/8/28 16:31
1409215369,2014/8/28 16:42
1409215943,2014/8/28 16:52
1409215954,2014/8/28 16:52
1409216089,2014/8/28 16:54
1409216107,2014/8/28 16:55
1409216131,2014/8/28 16:55
1409216186,2014/8/28 16:56
1409216217,2014/8/28 16:56
1409216218,2014/8/28 16:56
1409216227,2014/8/28 16:57
1409216266,2014/8/28 16:57
1409216269,2014/8/28 16:57
1409216313,2014/8/28 16:58
1409216330,2014/8/28 16:58
1409216466,2014/8/28 17:01
1409216481,2014/8/28 17:01
1409216485,2014/8/28 17:01
1409216547,2014/8/28 17:02
1409216549,2014/8/28 17:02
1409216564,2014/8/28 17:02
1409216576,2014/8/28 17:02
1409216622,2014/8/28 17:03
1409216831,2014/8/28 17:07
1409216848,2014/8/28 17:07
1409216859,2014/8/28 17:07
1409216896,2014/8/28 17:08
1409216943,2014/8/28 17:09
1409217000,2014/8/28 17:10
1409217004,2014/8/28 17:10
1409217008,2014/8/28 17:10
1409217108,2014/8/28 17:11
1409217150,2014/8/28 17:12
1409217271,2014/8/28 17:14
1409217413,2014/8/28 17:16
1409217545,2014/8/28 17:19
1409217567,2014/8/28 17:19
1409217593,2014/8/28 17:19
1409217623,2014/8/28 17:20
1409217641,2014/8/28 17:20
1409217661,2014/8/28 17:21
1409217703,2014/8/28 17:21
1409217738,2014/8/28 17:22
1409217773,2014/8/28 17:22
1409217799,2014/8/28 17:23
1409218023,2014/8/28 17:27
1409218067,2014/8/28 17:27
1409218126,2014/8/28 17:28
1409218138,2014/8/28 17:28
1409218266,2014/8/28 17:31
1409218385,2014/8/28 17:33
1409218400,2014/8/28 17:33
1409218470,2014/8/28 17:34
1409218514,2014/8/28 17:35
1409218608,2014/8/28 17:36
1409218746,2014/8/28 17:39
1409219121,2014/8/28 17:45
1409219197,2014/8/28 17:46
1409219265,2014/8/28 17:47
1409219269,2014/8/28 17:47
1409219432,2014/8/28 17:50
1409219762,2014/8/28 17:56
1409219859,2014/8/28 17:57
1409219862,2014/8/28 17:57
1409219971,2014/8/28 17:59
1409219994,2014/8/28 17:59
1409219997,2014/8/28 17:59
1409220060,2014/8/28 18:01
1409220129,2014/8/28 18:02
1409220462,2014/8/28 18:07
1409221061,2014/8/28 18:17
1409221123,2014/8/28 18:18
1409221283,2014/8/28 18:21
1409221318,2014/8/28 18:21
1409221595,2014/8/28 18:26
1409223047,2014/8/28 18:50
1409223827,2014/8/28 19:03
1409223845,2014/8/28 19:04
1409224535,2014/8/28 19:15
1409225163,2014/8/28 19:26
1409225307,2014/8/28 19:28
1409225739,2014/8/28 19:35
1409227928,2014/8/28 20:12
1409229062,2014/8/28 20:31
1409230195,2014/8/28 20:49
1409232160,2014/8/28 21:22
1409232288,2014/8/28 21:24
1409232439,2014/8/28 21:27
1409232635,2014/8/28 21:30
1409232812,2014/8/28 21:33
1409233092,2014/8/28 21:38
1409233313,2014/8/28 21:41
1409233653,2014/8/28 21:47
1409235394,2014/8/28 22:16
1409235435,2014/8/28 22:17
1409235521,2014/8/28 22:18
1409235633,2014/8/28 22:20
1409235759,2014/8/28 22:22
1409235827,2014/8/28 22:23
1409236510,2014/8/28 22:35
1409236797,2014/8/28 22:39
1409237200,2014/8/28 22:46
1409238185,2014/8/28 23:03
1409238798,2014/8/28 23:13
1409238990,2014/8/28 23:16
1409241427,2014/8/28 23:57
1409241907,2014/8/29 0:05
1409242009,2014/8/29 0:06
1409242277,2014/8/29 0:11
1409244085,2014/8/29 0:41
1409244217,2014/8/29 0:43
1409244429,2014/8/29 0:47
1409246049,2014/8/29 1:14
1409246432,2014/8/29 1:20
1409247636,2014/8/29 1:40
1409249457,2014/8/29 2:10
1409250253,2014/8/29 2:24
1409252536,2014/8/29 3:02
1409252565,2014/8/29 3:02
1409252905,2014/8/29 3:08
1409258363,2014/8/29 4:39
1409259192,2014/8/29 4:53
1409260530,2014/8/29 5:15
1409261047,2014/8/29 5:24
1409261961,2014/8/29 5:39
1409262439,2014/8/29 5:47
1409262866,2014/8/29 5:54
1409263068,2014/8/29 5:57
1409263606,2014/8/29 6:06
1409265469,2014/8/29 6:37
1409265777,2014/8/29 6:42
1409267563,2014/8/29 7:12
1409268090,2014/8/29 7:21
1409268497,2014/8/29 7:28
1409269902,2014/8/29 7:51
1409271996,2014/8/29 8:26
1409272584,2014/8/29 8:36
1409273191,2014/8/29 8:46
1409273599,2014/8/29 8:53
1409273663,2014/8/29 8:54
1409273834,2014/8/29 8:57
1409273862,2014/8/29 8:57
1409273948,2014/8/29 8:59
1409273980,2014/8/29 8:59
1409274061,2014/8/29 9:01
1409274105,2014/8/29 9:01
1409274124,2014/8/29 9:02
1409274176,2014/8/29 9:02
1409274230,2014/8/29 9:03
1409274608,2014/8/29 9:10
1409274658,2014/8/29 9:10
1409274736,2014/8/29 9:12
1409274823,2014/8/29 9:13
1409274885,2014/8/29 9:14
1409274905,2014/8/29 9:15
1409274952,2014/8/29 9:15
1409275165,2014/8/29 9:19
1409275402,2014/8/29 9:23
1409275424,2014/8/29 9:23
1409275474,2014/8/29 9:24
1409275632,2014/8/29 9:27
1409275777,2014/8/29 9:29
1409275897,2014/8/29 9:31
1409275909,2014/8/29 9:31
1409276023,2014/8/29 9:33
1409276146,2014/8/29 9:35
1409276164,2014/8/29 9:36
1409276206,2014/8/29 9:36
1409276413,2014/8/29 9:40
1409276543,2014/8/29 9:42
1409276816,2014/8/29 9:46
1409276830,2014/8/29 9:47
1409276850,2014/8/29 9:47
1409277095,2014/8/29 9:51
1409277218,2014/8/29 9:53
1409277230,2014/8/29 9:53
1409277241,2014/8/29 9:54
1409277251,2014/8/29 9:54
1409277535,2014/8/29 9:58
1409277579,2014/8/29 9:59
1409277804,2014/8/29 10:03
1409277957,2014/8/29 10:05
1409277989,2014/8/29 10:06
1409278330,2014/8/29 10:12
1409278419,2014/8/29 10:13
1409278423,2014/8/29 10:13
1409278605,2014/8/29 10:16
1409279235,2014/8/29 10:27
1409279409,2014/8/29 10:30
1409279544,2014/8/29 10:32
1409279625,2014/8/29 10:33
1409279903,2014/8/29 10:38
1409279909,2014/8/29 10:38
1409280924,2014/8/29 10:55
1409281197,2014/8/29 10:59
1409281301,2014/8/29 11:01
1409281343,2014/8/29 11:02
1409281459,2014/8/29 11:04
1409281500,2014/8/29 11:05
1409281860,2014/8/29 11:11
1409281942,2014/8/29 11:12
1409282386,2014/8/29 11:19
1409282413,2014/8/29 11:20
1409282428,2014/8/29 11:20
1409282452,2014/8/29 11:20
1409282566,2014/8/29 11:22
1409282601,2014/8/29 11:23
1409282688,2014/8/29 11:24
1409282730,2014/8/29 11:25
1409282867,2014/8/29 11:27
1409283142,2014/8/29 11:32
1409283164,2014/8/29 11:32
1409283234,2014/8/29 11:33
1409283247,2014/8/29 11:34
1409283398,2014/8/29 11:36
1409283573,2014/8/29 11:39
1409283629,2014/8/29 11:40
1409283792,2014/8/29 11:43
1409283873,2014/8/29 11:44
1409283987,2014/8/29 11:46
1409284439,2014/8/29 11:53
1409284478,2014/8/29 11:54
1409284578,2014/8/29 11:56
1409284833,2014/8/29 12:00
1409285292,2014/8/29 12:08
1409285757,2014/8/29 12:15
1409286001,2014/8/29 12:20
1409286381,2014/8/29 12:26
1409286474,2014/8/29 12:27
1409287511,2014/8/29 12:45
1409287700,2014/8/29 12:48
1409288071,2014/8/29 12:54
1409289453,2014/8/29 13:17
1409289820,2014/8/29 13:23
1409291905,2014/8/29 13:58
1409292299,2014/8/29 14:04
1409292561,2014/8/29 14:09
1409293860,2014/8/29 14:31
1409295109,2014/8/29 14:51
1409295583,2014/8/29 14:59
1409296239,2014/8/29 15:10
1409299195,2014/8/29 15:59
1409299625,2014/8/29 16:07
1409300252,2014/8/29 16:17
1409300476,2014/8/29 16:21
1409301050,2014/8/29 16:30
1409302208,2014/8/29 16:50
1409302291,2014/8/29 16:51
1409302566,2014/8/29 16:56
1409303047,2014/8/29 17:04
1409303052,2014/8/29 17:04
1409304375,2014/8/29 17:26
1409304751,2014/8/29 17:32
1409304916,2014/8/29 17:35
1409306072,2014/8/29 17:54
1409308412,2014/8/29 18:33
1409308747,2014/8/29 18:39
1409311933,2014/8/29 19:32
1409312080,2014/8/29 19:34
1409316789,2014/8/29 20:53
1409316838,2014/8/29 20:53
1409318804,2014/8/29 21:26
1409318894,2014/8/29 21:28
1409319626,2014/8/29 21:40
1409321331,2014/8/29 22:08
1409327461,2014/8/29 23:51
1409328595,2014/8/30 0:09
1409342119,2014/8/30 3:55
1409346344,2014/8/30 5:05
1409348828,2014/8/30 5:47
1409352508,2014/8/30 6:48
1409355065,2014/8/30 7:31
1409370532,2014/8/30 11:48
1409373306,2014/8/30 12:35
1409376237,2014/8/30 13:23
1409377714,2014/8/30 13:48
1409378145,2014/8/30 13:55
1409378422,2014/8/30 14:00
1409385424,2014/8/30 15:57
1409386420,2014/8/30 16:13
1409387882,2014/8/30 16:38
1409394540,2014/8/30 18:29
1409398558,2014/8/30 19:35
1409399783,2014/8/30 19:56
1409400753,2014/8/30 20:12
1409401177,2014/8/30 20:19
1409402631,2014/8/30 20:43
1409402795,2014/8/30 20:46
1409403311,2014/8/30 20:55
1409430671,2014/8/31 4:31
1409447983,2014/8/31 9:19
1409468592,2014/8/31 15:03
1409469796,2014/8/31 15:23
1409474893,2014/8/31 16:48
1409494308,2014/8/31 22:11
1409494600,2014/8/31 22:16
1409516935,2014/9/1 4:28
1409525551,2014/9/1 6:52
1409525608,2014/9/1 6:53
1409530755,2014/9/1 8:19
1409530995,2014/9/1 8:23
1409533935,2014/9/1 9:12
1409534134,2014/9/1 9:15
1409537174,2014/9/1 10:06
1409539232,2014/9/1 10:40
1409544028,2014/9/1 12:00
1409546724,2014/9/1 12:45
1409565554,2014/9/1 17:59
1409576605,2014/9/1 21:03
1409578452,2014/9/1 21:34
1409583527,2014/9/1 22:58
1409598833,2014/9/2 3:13
1409601658,2014/9/2 4:00
1409616033,2014/9/2 8:00
1409617483,2014/9/2 8:24
1409623042,2014/9/2 9:57
1409635115,2014/9/2 13:18
1409648696,2014/9/2 17:04
1409660629,2014/9/2 20:23
1409662676,2014/9/2 20:57
1409679171,2014/9/3 1:32
1409720992,2014/9/3 13:09
1409783028,2014/9/4 6:23
1409790949,2014/9/4 8:35
1409823502,2014/9/4 17:38
1409845348,2014/9/4 23:42
1409897748,2014/9/5 14:15
1409897940,2014/9/5 14:19
1410108751,2014/9/8 0:52
1410166013,2014/9/8 16:46
1410183059,2014/9/8 21:30
1410241790,2014/9/9 13:49
1410426030,2014/9/11 17:00
1410520698,2014/9/12 19:18
1410565947,2014/9/13 7:52
1410656648,2014/9/14 9:04
1410699005,2014/9/14 20:50
1411192265,2014/9/20 13:51
1411473905,2014/9/23 20:05
1411692356,2014/9/26 8:45
1411697155,2014/9/26 10:05
1411737914,2014/9/26 21:25
1412039941,2014/9/30 9:19
1412256316,2014/10/2 21:25
1412514970,2014/10/5 21:16
1412824499,2014/10/9 11:14
1415153324,2014/11/5 10:08
1415244278,2014/11/6 11:24
1416098555,2014/11/16 8:42
1417399108,2014/12/1 9:58
1418575429,2014/12/15 0:43
1420227510,2015/1/3 3:38
1424463365,2015/2/21 4:16
1424463383,2015/2/21 4:16
1424463528,2015/2/21 4:18
1424463568,2015/2/21 4:19
1424463785,2015/2/21 4:23
1424464365,2015/2/21 4:32
1424464496,2015/2/21 4:34
1424464888,2015/2/21 4:41
1424465513,2015/2/21 4:51
1424465711,2015/2/21 4:55
1424466697,2015/2/21 5:11
1424468067,2015/2/21 5:34
1424469313,2015/2/21 5:55
1424469317,2015/2/21 5:55
1424469969,2015/2/21 6:06
1424470781,2015/2/21 6:19
1424478096,2015/2/21 8:21
1424480080,2015/2/21 8:54
1424480187,2015/2/21 8:56
1424481026,2015/2/21 9:10
1424481405,2015/2/21 9:16
1424481500,2015/2/21 9:18
1424481552,2015/2/21 9:19
1424481743,2015/2/21 9:22
1424482160,2015/2/21 9:29
1424482214,2015/2/21 9:30
1424482229,2015/2/21 9:30
1424482409,2015/2/21 9:33
1424483293,2015/2/21 9:48
1424484050,2015/2/21 10:00
1424486751,2015/2/21 10:45
1424490532,2015/2/21 11:48
1424490946,2015/2/21 11:55
1424495951,2015/2/21 13:19
1424503737,2015/2/21 15:28
1424510358,2015/2/21 17:19
1424516052,2015/2/21 18:54
1424516345,2015/2/21 18:59
1424544032,2015/2/22 2:40
1424739275,2015/2/24 8:54
1424739488,2015/2/24 8:58
1424739656,2015/2/24 9:00
1424740429,2015/2/24 9:13
1424740513,2015/2/24 9:15
1424740705,2015/2/24 9:18
1424745152,2015/2/24 10:32
1424900656,2015/2/26 5:44
1427960863,2015/4/2 15:47
1428117725,2015/4/4 11:22
1428303509,2015/4/6 14:58
1428734122,2015/4/11 14:35
1429769031,2015/4/23 14:03
1430806938,2015/5/5 14:22
1430810185,2015/5/5 15:16
1430878490,2015/5/6 10:14
1430902558,2015/5/6 16:55
1430964530,2015/5/7 10:08
1435206271,2015/6/25 12:24
1437562674,2015/7/22 18:57
1438010734,2015/7/27 23:25
1439775515,2015/8/17 9:38
1440060729,2015/8/20 16:52
1440503978,2015/8/25 19:59
1442027841,2015/9/12 11:17
1443200855,2015/9/26 1:07
1446871018,2015/11/7 12:36
1448889906,2015/11/30 21:25
1454339071,2016/2/1 23:04
